{"type":"Topology","objects":{"gemeinden2014":{"type":"GeometryCollection","geometries":[{"type":"Polygon","properties":{"BFS":134,"OBJECTID":1,"NAME":"Hütten","BEZIRKSNAM":"Horgen","ART_TEXT":"Gemeinde","ART_CODE":1},"arcs":[[0,1,2]]},{"type":"Polygon","properties":{"BFS":140,"OBJECTID":2,"NAME":"Schönenberg (ZH)","BEZIRKSNAM":"Horgen","ART_TEXT":"Gemeinde","ART_CODE":1},"arcs":[[3,-2,4,5,6]]},{"type":"Polygon","properties":{"BFS":138,"OBJECTID":3,"NAME":"Richterswil","BEZIRKSNAM":"Horgen","ART_TEXT":"Gemeinde","ART_CODE":1},"arcs":[[7,-3,-4,8,9]]},{"type":"Polygon","properties":{"BFS":6,"OBJECTID":4,"NAME":"Kappel am Albis","BEZIRKSNAM":"Affoltern","ART_TEXT":"Gemeinde","ART_CODE":1},"arcs":[[10,11,12,13,14]]},{"type":"Polygon","properties":{"BFS":132,"OBJECTID":5,"NAME":"Hirzel","BEZIRKSNAM":"Horgen","ART_TEXT":"Gemeinde","ART_CODE":1},"arcs":[[15,-6,16,17,18]]},{"type":"Polygon","properties":{"BFS":7,"OBJECTID":6,"NAME":"Knonau","BEZIRKSNAM":"Affoltern","ART_TEXT":"Gemeinde","ART_CODE":1},"arcs":[[-12,19,20,21]]},{"type":"Polygon","properties":{"BFS":8,"OBJECTID":7,"NAME":"Maschwanden","BEZIRKSNAM":"Affoltern","ART_TEXT":"Gemeinde","ART_CODE":1},"arcs":[[-21,22,23,24]]},{"type":"Polygon","properties":{"BFS":142,"OBJECTID":8,"NAME":"Wädenswil","BEZIRKSNAM":"Horgen","ART_TEXT":"Gemeinde","ART_CODE":1},"arcs":[[-9,-7,-16,25,26]]},{"type":"Polygon","properties":{"BFS":12,"OBJECTID":9,"NAME":"Rifferswil","BEZIRKSNAM":"Affoltern","ART_TEXT":"Gemeinde","ART_CODE":1},"arcs":[[27,-14,28,29]]},{"type":"Polygon","properties":{"BFS":9,"OBJECTID":10,"NAME":"Mettmenstetten","BEZIRKSNAM":"Affoltern","ART_TEXT":"Gemeinde","ART_CODE":1},"arcs":[[30,-29,-13,-22,-25,31,32]]},{"type":"Polygon","properties":{"BFS":158,"OBJECTID":11,"NAME":"Stäfa","BEZIRKSNAM":"Meilen","ART_TEXT":"Gemeinde","ART_CODE":1},"arcs":[[33,34,35,36]]},{"type":"Polygon","properties":{"BFS":133,"OBJECTID":12,"NAME":"Horgen","BEZIRKSNAM":"Horgen","ART_TEXT":"Gemeinde","ART_CODE":1},"arcs":[[37,-26,-19,38,39,40]]},{"type":"Polygon","properties":{"BFS":0,"OBJECTID":13,"NAME":"Türlersee","BEZIRKSNAM":null,"ART_TEXT":"See","ART_CODE":3},"arcs":[[41,42]]},{"type":"Polygon","properties":{"BFS":153,"OBJECTID":14,"NAME":"Hombrechtikon","BEZIRKSNAM":"Meilen","ART_TEXT":"Gemeinde","ART_CODE":1},"arcs":[[43,44,45,-34,46,47]]},{"type":"Polygon","properties":{"BFS":4,"OBJECTID":15,"NAME":"Hausen am Albis","BEZIRKSNAM":"Affoltern","ART_TEXT":"Gemeinde","ART_CODE":1},"arcs":[[-39,-18,48,-15,-28,49,-42,50,51]]},{"type":"Polygon","properties":{"BFS":155,"OBJECTID":16,"NAME":"Männedorf","BEZIRKSNAM":"Meilen","ART_TEXT":"Gemeinde","ART_CODE":1},"arcs":[[-36,52,53,54]]},{"type":"Polygon","properties":{"BFS":118,"OBJECTID":17,"NAME":"Rüti (ZH)","BEZIRKSNAM":"Hinwil","ART_TEXT":"Gemeinde","ART_CODE":1},"arcs":[[55,56,57,58]]},{"type":"Polygon","properties":{"BFS":10,"OBJECTID":18,"NAME":"Obfelden","BEZIRKSNAM":"Affoltern","ART_TEXT":"Gemeinde","ART_CODE":1},"arcs":[[-32,-24,59,60,61]]},{"type":"Polygon","properties":{"BFS":137,"OBJECTID":19,"NAME":"Oberrieden","BEZIRKSNAM":"Horgen","ART_TEXT":"Gemeinde","ART_CODE":1},"arcs":[[-41,62,63]]},{"type":"Polygon","properties":{"BFS":159,"OBJECTID":20,"NAME":"Uetikon am See","BEZIRKSNAM":"Meilen","ART_TEXT":"Gemeinde","ART_CODE":1},"arcs":[[64,-54,65,66,67]]},{"type":"Polygon","properties":{"BFS":157,"OBJECTID":21,"NAME":"Oetwil am See","BEZIRKSNAM":"Meilen","ART_TEXT":"Gemeinde","ART_CODE":1},"arcs":[[68,-47,-37,-55,-65,69]]},{"type":"Polygon","properties":{"BFS":1,"OBJECTID":22,"NAME":"Aeugst am Albis","BEZIRKSNAM":"Affoltern","ART_TEXT":"Gemeinde","ART_CODE":1},"arcs":[[70,-51,-43,-50,-30,-31,71,72]]},{"type":"Polygon","properties":{"BFS":11,"OBJECTID":23,"NAME":"Ottenbach","BEZIRKSNAM":"Affoltern","ART_TEXT":"Gemeinde","ART_CODE":1},"arcs":[[-61,73,74]]},{"type":"Polygon","properties":{"BFS":113,"OBJECTID":24,"NAME":"Dürnten","BEZIRKSNAM":"Hinwil","ART_TEXT":"Gemeinde","ART_CODE":1},"arcs":[[75,-58,76,77]]},{"type":"Polygon","properties":{"BFS":112,"OBJECTID":25,"NAME":"Bubikon","BEZIRKSNAM":"Hinwil","ART_TEXT":"Gemeinde","ART_CODE":1},"arcs":[[-77,-57,78,-44,79,80,81]]},{"type":"Polygon","properties":{"BFS":116,"OBJECTID":26,"NAME":"Grüningen","BEZIRKSNAM":"Hinwil","ART_TEXT":"Gemeinde","ART_CODE":1},"arcs":[[-80,-48,-69,82,83]]},{"type":"Polygon","properties":{"BFS":2,"OBJECTID":27,"NAME":"Affoltern am Albis","BEZIRKSNAM":"Affoltern","ART_TEXT":"Gemeinde","ART_CODE":1},"arcs":[[84,-72,-33,-62,-75,85,86]]},{"type":"Polygon","properties":{"BFS":136,"OBJECTID":28,"NAME":"Langnau am Albis","BEZIRKSNAM":"Horgen","ART_TEXT":"Gemeinde","ART_CODE":1},"arcs":[[87,-40,-52,-71,88,89,90]]},{"type":"Polygon","properties":{"BFS":156,"OBJECTID":29,"NAME":"Meilen","BEZIRKSNAM":"Meilen","ART_TEXT":"Gemeinde","ART_CODE":1},"arcs":[[-67,91,92,93]]},{"type":"Polygon","properties":{"BFS":141,"OBJECTID":30,"NAME":"Thalwil","BEZIRKSNAM":"Horgen","ART_TEXT":"Gemeinde","ART_CODE":1},"arcs":[[-63,-88,94,95]]},{"type":"Polygon","properties":{"BFS":152,"OBJECTID":31,"NAME":"Herrliberg","BEZIRKSNAM":"Meilen","ART_TEXT":"Gemeinde","ART_CODE":1},"arcs":[[96,97,-93,98,99,100]]},{"type":"Polygon","properties":{"BFS":5,"OBJECTID":32,"NAME":"Hedingen","BEZIRKSNAM":"Affoltern","ART_TEXT":"Gemeinde","ART_CODE":1},"arcs":[[101,-87,102,103]]},{"type":"Polygon","properties":{"BFS":151,"OBJECTID":33,"NAME":"Erlenbach (ZH)","BEZIRKSNAM":"Meilen","ART_TEXT":"Gemeinde","ART_CODE":1},"arcs":[[-100,104,105]]},{"type":"Polygon","properties":{"BFS":139,"OBJECTID":34,"NAME":"Rüschlikon","BEZIRKSNAM":"Horgen","ART_TEXT":"Gemeinde","ART_CODE":1},"arcs":[[-95,-91,106,107,108]]},{"type":"Polygon","properties":{"BFS":120,"OBJECTID":35,"NAME":"Wald (ZH)","BEZIRKSNAM":"Hinwil","ART_TEXT":"Gemeinde","ART_CODE":1},"arcs":[[109,-59,-76,110,111]]},{"type":"Polygon","properties":{"BFS":192,"OBJECTID":36,"NAME":"Egg","BEZIRKSNAM":"Uster","ART_TEXT":"Gemeinde","ART_CODE":1},"arcs":[[112,-83,-70,-68,-94,-98,113,114]]},{"type":"Polygon","properties":{"BFS":115,"OBJECTID":37,"NAME":"Gossau (ZH)","BEZIRKSNAM":"Hinwil","ART_TEXT":"Gemeinde","ART_CODE":1},"arcs":[[115,-81,-84,-113,116,117]]},{"type":"Polygon","properties":{"BFS":117,"OBJECTID":38,"NAME":"Hinwil","BEZIRKSNAM":"Hinwil","ART_TEXT":"Gemeinde","ART_CODE":1},"arcs":[[118,-111,-78,-82,-116,119,120]]},{"type":"Polygon","properties":{"BFS":131,"OBJECTID":39,"NAME":"Adliswil","BEZIRKSNAM":"Horgen","ART_TEXT":"Gemeinde","ART_CODE":1},"arcs":[[-107,-90,121,122,123]]},{"type":"Polygon","properties":{"BFS":3,"OBJECTID":40,"NAME":"Bonstetten","BEZIRKSNAM":"Affoltern","ART_TEXT":"Gemeinde","ART_CODE":1},"arcs":[[124,-104,125,126]]},{"type":"Polygon","properties":{"BFS":154,"OBJECTID":41,"NAME":"Küsnacht (ZH)","BEZIRKSNAM":"Meilen","ART_TEXT":"Gemeinde","ART_CODE":1},"arcs":[[127,-101,-106,128,129,130]]},{"type":"Polygon","properties":{"BFS":135,"OBJECTID":42,"NAME":"Kilchberg (ZH)","BEZIRKSNAM":"Horgen","ART_TEXT":"Gemeinde","ART_CODE":1},"arcs":[[-108,-124,131,132]]},{"type":"Polygon","properties":{"BFS":196,"OBJECTID":43,"NAME":"Mönchaltorf","BEZIRKSNAM":"Uster","ART_TEXT":"Gemeinde","ART_CODE":1},"arcs":[[133,-117,-115,134,135,136,137]]},{"type":"Polygon","properties":{"BFS":121,"OBJECTID":44,"NAME":"Wetzikon (ZH)","BEZIRKSNAM":"Hinwil","ART_TEXT":"Gemeinde","ART_CODE":1},"arcs":[[138,139,-120,-118,-134,140,141]]},{"type":"Polygon","properties":{"BFS":241,"OBJECTID":45,"NAME":"Aesch (ZH)","BEZIRKSNAM":"Dietikon","ART_TEXT":"Gemeinde","ART_CODE":1},"arcs":[[142,143]]},{"type":"Polygon","properties":{"BFS":14,"OBJECTID":46,"NAME":"Wettswil am Albis","BEZIRKSNAM":"Affoltern","ART_TEXT":"Gemeinde","ART_CODE":1},"arcs":[[144,-127,145,146]]},{"type":"Polygon","properties":{"BFS":160,"OBJECTID":47,"NAME":"Zumikon","BEZIRKSNAM":"Meilen","ART_TEXT":"Gemeinde","ART_CODE":1},"arcs":[[-131,147,148]]},{"type":"Polygon","properties":{"BFS":13,"OBJECTID":48,"NAME":"Stallikon","BEZIRKSNAM":"Affoltern","ART_TEXT":"Gemeinde","ART_CODE":1},"arcs":[[149,-122,-89,-73,-85,-102,-125,-145,150,151]]},{"type":"Polygon","properties":{"BFS":161,"OBJECTID":49,"NAME":"Zollikon","BEZIRKSNAM":"Meilen","ART_TEXT":"Gemeinde","ART_CODE":1},"arcs":[[-148,-130,152,153,154]]},{"type":"Polygon","properties":{"BFS":119,"OBJECTID":50,"NAME":"Seegräben","BEZIRKSNAM":"Hinwil","ART_TEXT":"Gemeinde","ART_CODE":1},"arcs":[[-141,-138,155,156,157]]},{"type":"Polygon","properties":{"BFS":195,"OBJECTID":51,"NAME":"Maur","BEZIRKSNAM":"Uster","ART_TEXT":"Gemeinde","ART_CODE":1},"arcs":[[158,-135,-114,-97,-128,-149,-155,159,160]]},{"type":"Polygon","properties":{"BFS":0,"OBJECTID":52,"NAME":"Zürichsee","BEZIRKSNAM":null,"ART_TEXT":"See","ART_CODE":3},"arcs":[[-153,-129,-105,-99,-92,-66,-53,-35,-46,161,-10,-27,-38,-64,-96,-109,-133,162]]},{"type":"Polygon","properties":{"BFS":0,"OBJECTID":53,"NAME":"Pfäffikersee","BEZIRKSNAM":null,"ART_TEXT":"See","ART_CODE":3},"arcs":[[-142,-158,163]]},{"type":"Polygon","properties":{"BFS":242,"OBJECTID":54,"NAME":"Birmensdorf (ZH)","BEZIRKSNAM":"Dietikon","ART_TEXT":"Gemeinde","ART_CODE":1},"arcs":[[-151,-147,-144,164,165,166]]},{"type":"Polygon","properties":{"BFS":111,"OBJECTID":55,"NAME":"Bäretswil","BEZIRKSNAM":"Hinwil","ART_TEXT":"Gemeinde","ART_CODE":1},"arcs":[[167,-121,-140,168,169,170]]},{"type":"Polygon","properties":{"BFS":0,"OBJECTID":56,"NAME":"Greifensee","BEZIRKSNAM":null,"ART_TEXT":"See","ART_CODE":3},"arcs":[[171,172,-136,-159,173,174]]},{"type":"Polygon","properties":{"BFS":248,"OBJECTID":57,"NAME":"Uitikon","BEZIRKSNAM":"Dietikon","ART_TEXT":"Gemeinde","ART_CODE":1},"arcs":[[-152,-167,175,176]]},{"type":"Polygon","properties":{"BFS":194,"OBJECTID":58,"NAME":"Greifensee","BEZIRKSNAM":"Uster","ART_TEXT":"Gemeinde","ART_CODE":1},"arcs":[[177,-172,178,179]]},{"type":"Polygon","properties":{"BFS":114,"OBJECTID":59,"NAME":"Fischenthal","BEZIRKSNAM":"Hinwil","ART_TEXT":"Gemeinde","ART_CODE":1},"arcs":[[-112,-119,-168,180,181,182]]},{"type":"Polygon","properties":{"BFS":193,"OBJECTID":60,"NAME":"Fällanden","BEZIRKSNAM":"Uster","ART_TEXT":"Gemeinde","ART_CODE":1},"arcs":[[183,-174,-161,184,185]]},{"type":"Polygon","properties":{"BFS":198,"OBJECTID":61,"NAME":"Uster","BEZIRKSNAM":"Uster","ART_TEXT":"Gemeinde","ART_CODE":1},"arcs":[[186,-156,-137,-173,-178,187,188]]},{"type":"Polygon","properties":{"BFS":173,"OBJECTID":62,"NAME":"Hittnau","BEZIRKSNAM":"Pfäffikon","ART_TEXT":"Gemeinde","ART_CODE":1},"arcs":[[-170,189,190]]},{"type":"Polygon","properties":{"BFS":197,"OBJECTID":63,"NAME":"Schwerzenbach","BEZIRKSNAM":"Uster","ART_TEXT":"Gemeinde","ART_CODE":1},"arcs":[[-179,-175,-184,191,192]]},{"type":"Polygon","properties":{"BFS":250,"OBJECTID":64,"NAME":"Urdorf","BEZIRKSNAM":"Dietikon","ART_TEXT":"Gemeinde","ART_CODE":1},"arcs":[[193,-176,-166,194,195]]},{"type":"Polygon","properties":{"BFS":171,"OBJECTID":65,"NAME":"Bauma","BEZIRKSNAM":"Pfäffikon","ART_TEXT":"Gemeinde","ART_CODE":1},"arcs":[[196,-181,-171,-191,197,198,199]]},{"type":"Polygon","properties":{"BFS":177,"OBJECTID":66,"NAME":"Pfäffikon","BEZIRKSNAM":"Pfäffikon","ART_TEXT":"Gemeinde","ART_CODE":1},"arcs":[[-198,-190,-169,-139,-164,-157,-187,200,201,202]]},{"type":"Polygon","properties":{"BFS":179,"OBJECTID":67,"NAME":"Sternenberg","BEZIRKSNAM":"Pfäffikon","ART_TEXT":"Gemeinde","ART_CODE":1},"arcs":[[-182,-197,203,204]]},{"type":"Polygon","properties":{"BFS":172,"OBJECTID":68,"NAME":"Fehraltorf","BEZIRKSNAM":"Pfäffikon","ART_TEXT":"Gemeinde","ART_CODE":1},"arcs":[[-201,-189,205,206,207]]},{"type":"Polygon","properties":{"BFS":247,"OBJECTID":69,"NAME":"Schlieren","BEZIRKSNAM":"Dietikon","ART_TEXT":"Gemeinde","ART_CODE":1},"arcs":[[208,209,-194,210,211]]},{"type":"Polygon","properties":{"BFS":191,"OBJECTID":70,"NAME":"Dübendorf","BEZIRKSNAM":"Uster","ART_TEXT":"Gemeinde","ART_CODE":1},"arcs":[[212,-192,-186,213,214,215,216]]},{"type":"Polygon","properties":{"BFS":199,"OBJECTID":71,"NAME":"Volketswil","BEZIRKSNAM":"Uster","ART_TEXT":"Gemeinde","ART_CODE":1},"arcs":[[-206,-188,-180,-193,-213,217,218,219]]},{"type":"Polygon","properties":{"BFS":249,"OBJECTID":72,"NAME":"Unterengstringen","BEZIRKSNAM":"Dietikon","ART_TEXT":"Gemeinde","ART_CODE":1},"arcs":[[220,-212,221,222,223]]},{"type":"Polygon","properties":{"BFS":245,"OBJECTID":73,"NAME":"Oberengstringen","BEZIRKSNAM":"Dietikon","ART_TEXT":"Gemeinde","ART_CODE":1},"arcs":[[-209,-221,224,225]]},{"type":"Polygon","properties":{"BFS":243,"OBJECTID":74,"NAME":"Dietikon","BEZIRKSNAM":"Dietikon","ART_TEXT":"Gemeinde","ART_CODE":1},"arcs":[[226,227,-222,-211,-196,228,229]]},{"type":"Polygon","properties":{"BFS":178,"OBJECTID":75,"NAME":"Russikon","BEZIRKSNAM":"Pfäffikon","ART_TEXT":"Gemeinde","ART_CODE":1},"arcs":[[-202,-208,230,231,232]]},{"type":"Polygon","properties":{"BFS":244,"OBJECTID":76,"NAME":"Geroldswil","BEZIRKSNAM":"Dietikon","ART_TEXT":"Gemeinde","ART_CODE":1},"arcs":[[-227,233,234]]},{"type":"Polygon","properties":{"BFS":200,"OBJECTID":77,"NAME":"Wangen-Brüttisellen","BEZIRKSNAM":"Uster","ART_TEXT":"Gemeinde","ART_CODE":1},"arcs":[[235,-218,-217,236,237]]},{"type":"Polygon","properties":{"BFS":251,"OBJECTID":78,"NAME":"Weiningen (ZH)","BEZIRKSNAM":"Dietikon","ART_TEXT":"Gemeinde","ART_CODE":1},"arcs":[[238,-223,-228,-235,239,240]]},{"type":"Polygon","properties":{"BFS":181,"OBJECTID":79,"NAME":"Wila","BEZIRKSNAM":"Pfäffikon","ART_TEXT":"Gemeinde","ART_CODE":1},"arcs":[[241,242,-204,-200,243]]},{"type":"Polygon","properties":{"BFS":261,"OBJECTID":80,"NAME":"Zürich","BEZIRKSNAM":"Zürich","ART_TEXT":"Gemeinde","ART_CODE":1},"arcs":[[244,245,-214,-185,-160,-154,-163,-132,-123,-150,-177,-210,-226,246,247]]},{"type":"Polygon","properties":{"BFS":69,"OBJECTID":81,"NAME":"Wallisellen","BEZIRKSNAM":"Bülach","ART_TEXT":"Gemeinde","ART_CODE":1},"arcs":[[-215,-246,248,249,250]]},{"type":"Polygon","properties":{"BFS":246,"OBJECTID":82,"NAME":"Oetwil an der Limmat","BEZIRKSNAM":"Dietikon","ART_TEXT":"Gemeinde","ART_CODE":1},"arcs":[[251,-240,-234,-230,252,253,254]]},{"type":"Polygon","properties":{"BFS":54,"OBJECTID":83,"NAME":"Dietlikon","BEZIRKSNAM":"Bülach","ART_TEXT":"Gemeinde","ART_CODE":1},"arcs":[[-237,-216,-251,255,256]]},{"type":"Polygon","properties":{"BFS":66,"OBJECTID":84,"NAME":"Opfikon","BEZIRKSNAM":"Bülach","ART_TEXT":"Gemeinde","ART_CODE":1},"arcs":[[-249,-245,257,258]]},{"type":"Polygon","properties":{"BFS":182,"OBJECTID":85,"NAME":"Wildberg","BEZIRKSNAM":"Pfäffikon","ART_TEXT":"Gemeinde","ART_CODE":1},"arcs":[[-244,-199,-203,-233,259,260,261]]},{"type":"Polygon","properties":{"BFS":84,"OBJECTID":86,"NAME":"Dällikon","BEZIRKSNAM":"Dielsdorf","ART_TEXT":"Gemeinde","ART_CODE":1},"arcs":[[262,-241,-252,263,264]]},{"type":"Polygon","properties":{"BFS":87,"OBJECTID":87,"NAME":"Hüttikon","BEZIRKSNAM":"Dielsdorf","ART_TEXT":"Gemeinde","ART_CODE":1},"arcs":[[265,-254,266,267]]},{"type":"Polygon","properties":{"BFS":85,"OBJECTID":88,"NAME":"Dänikon","BEZIRKSNAM":"Dielsdorf","ART_TEXT":"Gemeinde","ART_CODE":1},"arcs":[[268,-264,-255,-266,269]]},{"type":"Polygon","properties":{"BFS":180,"OBJECTID":89,"NAME":"Weisslingen","BEZIRKSNAM":"Pfäffikon","ART_TEXT":"Gemeinde","ART_CODE":1},"arcs":[[-260,-232,270,271,272]]},{"type":"Polygon","properties":{"BFS":96,"OBJECTID":90,"NAME":"Regensdorf","BEZIRKSNAM":"Dielsdorf","ART_TEXT":"Gemeinde","ART_CODE":1},"arcs":[[273,-247,-225,-224,-239,-263,274,275]]},{"type":"Polygon","properties":{"BFS":52,"OBJECTID":91,"NAME":"Bassersdorf","BEZIRKSNAM":"Bülach","ART_TEXT":"Gemeinde","ART_CODE":1},"arcs":[[276,277,-238,-257,278]]},{"type":"Polygon","properties":{"BFS":174,"OBJECTID":92,"NAME":"Illnau-Effretikon","BEZIRKSNAM":"Pfäffikon","ART_TEXT":"Gemeinde","ART_CODE":1},"arcs":[[-271,-231,-207,-220,279,280,281]]},{"type":"Polygon","properties":{"BFS":228,"OBJECTID":93,"NAME":"Turbenthal","BEZIRKSNAM":"Winterthur","ART_TEXT":"Gemeinde","ART_CODE":1},"arcs":[[-242,-262,282,283,284,285]]},{"type":"Polygon","properties":{"BFS":83,"OBJECTID":94,"NAME":"Buchs (ZH)","BEZIRKSNAM":"Dielsdorf","ART_TEXT":"Gemeinde","ART_CODE":1},"arcs":[[286,287,-275,-265,-269,288,289,290]]},{"type":"Polygon","properties":{"BFS":97,"OBJECTID":95,"NAME":"Rümlang","BEZIRKSNAM":"Dielsdorf","ART_TEXT":"Gemeinde","ART_CODE":1},"arcs":[[291,292,-258,-248,-274,293,294]]},{"type":"Polygon","properties":{"BFS":176,"OBJECTID":96,"NAME":"Lindau","BEZIRKSNAM":"Pfäffikon","ART_TEXT":"Gemeinde","ART_CODE":1},"arcs":[[-280,-219,-236,-278,295,296,297]]},{"type":"Polygon","properties":{"BFS":175,"OBJECTID":97,"NAME":"Kyburg","BEZIRKSNAM":"Pfäffikon","ART_TEXT":"Gemeinde","ART_CODE":1},"arcs":[[298,-272,-282,299]]},{"type":"Polygon","properties":{"BFS":231,"OBJECTID":98,"NAME":"Zell (ZH)","BEZIRKSNAM":"Winterthur","ART_TEXT":"Gemeinde","ART_CODE":1},"arcs":[[-283,-261,-273,-299,300,301]]},{"type":"Polygon","properties":{"BFS":64,"OBJECTID":99,"NAME":"Nürensdorf","BEZIRKSNAM":"Bülach","ART_TEXT":"Gemeinde","ART_CODE":1},"arcs":[[302,-296,-277,303,304]]},{"type":"Polygon","properties":{"BFS":62,"OBJECTID":100,"NAME":"Kloten","BEZIRKSNAM":"Bülach","ART_TEXT":"Gemeinde","ART_CODE":1},"arcs":[[-304,-279,-256,-250,-259,-293,305,306,307]]},{"type":"Polygon","properties":{"BFS":94,"OBJECTID":101,"NAME":"Otelfingen","BEZIRKSNAM":"Dielsdorf","ART_TEXT":"Gemeinde","ART_CODE":1},"arcs":[[-289,-270,-268,308,309,310,311]]},{"type":"Polygon","properties":{"BFS":82,"OBJECTID":102,"NAME":"Boppelsen","BEZIRKSNAM":"Dielsdorf","ART_TEXT":"Gemeinde","ART_CODE":1},"arcs":[[-290,-312,312,313]]},{"type":"Polygon","properties":{"BFS":95,"OBJECTID":103,"NAME":"Regensberg","BEZIRKSNAM":"Dielsdorf","ART_TEXT":"Gemeinde","ART_CODE":1},"arcs":[[314,-291,-314,315,316]]},{"type":"Polygon","properties":{"BFS":86,"OBJECTID":104,"NAME":"Dielsdorf","BEZIRKSNAM":"Dielsdorf","ART_TEXT":"Gemeinde","ART_CODE":1},"arcs":[[317,-287,-315,318]]},{"type":"Polygon","properties":{"BFS":213,"OBJECTID":105,"NAME":"Brütten","BEZIRKSNAM":"Winterthur","ART_TEXT":"Gemeinde","ART_CODE":1},"arcs":[[-297,-303,319,320]]},{"type":"Polygon","properties":{"BFS":226,"OBJECTID":106,"NAME":"Schlatt (ZH)","BEZIRKSNAM":"Winterthur","ART_TEXT":"Gemeinde","ART_CODE":1},"arcs":[[-284,-302,321,322,323]]},{"type":"Polygon","properties":{"BFS":90,"OBJECTID":107,"NAME":"Niederhasli","BEZIRKSNAM":"Dielsdorf","ART_TEXT":"Gemeinde","ART_CODE":1},"arcs":[[324,-294,-276,-288,-318,325,326]]},{"type":"Polygon","properties":{"BFS":63,"OBJECTID":108,"NAME":"Lufingen","BEZIRKSNAM":"Bülach","ART_TEXT":"Gemeinde","ART_CODE":1},"arcs":[[-307,327,328,329]]},{"type":"Polygon","properties":{"BFS":92,"OBJECTID":109,"NAME":"Oberglatt","BEZIRKSNAM":"Dielsdorf","ART_TEXT":"Gemeinde","ART_CODE":1},"arcs":[[330,-295,-325,331,332,333]]},{"type":"Polygon","properties":{"BFS":89,"OBJECTID":110,"NAME":"Niederglatt","BEZIRKSNAM":"Dielsdorf","ART_TEXT":"Gemeinde","ART_CODE":1},"arcs":[[-332,-327,334,335,336]]},{"type":"Polygon","properties":{"BFS":222,"OBJECTID":111,"NAME":"Hofstetten (ZH)","BEZIRKSNAM":"Winterthur","ART_TEXT":"Gemeinde","ART_CODE":1},"arcs":[[337,-285,-324,338,339]]},{"type":"Polygon","properties":{"BFS":65,"OBJECTID":112,"NAME":"Oberembrach","BEZIRKSNAM":"Bülach","ART_TEXT":"Gemeinde","ART_CODE":1},"arcs":[[340,-320,-305,-308,-330,341,342]]},{"type":"Polygon","properties":{"BFS":72,"OBJECTID":113,"NAME":"Winkel","BEZIRKSNAM":"Bülach","ART_TEXT":"Gemeinde","ART_CODE":1},"arcs":[[343,-328,-306,-292,-331,344,345]]},{"type":"Polygon","properties":{"BFS":51,"OBJECTID":114,"NAME":"Bachenbülach","BEZIRKSNAM":"Bülach","ART_TEXT":"Gemeinde","ART_CODE":1},"arcs":[[-345,-334,346,347]]},{"type":"Polygon","properties":{"BFS":217,"OBJECTID":115,"NAME":"Elgg","BEZIRKSNAM":"Winterthur","ART_TEXT":"Gemeinde","ART_CODE":1},"arcs":[[348,349,-340,350,351]]},{"type":"Polygon","properties":{"BFS":101,"OBJECTID":116,"NAME":"Steinmaur","BEZIRKSNAM":"Dielsdorf","ART_TEXT":"Gemeinde","ART_CODE":1},"arcs":[[352,-335,-326,-319,-317,353,354,355]]},{"type":"Polygon","properties":{"BFS":60,"OBJECTID":117,"NAME":"Höri","BEZIRKSNAM":"Bülach","ART_TEXT":"Gemeinde","ART_CODE":1},"arcs":[[356,-347,-333,-337,357,358]]},{"type":"Polygon","properties":{"BFS":224,"OBJECTID":118,"NAME":"Pfungen","BEZIRKSNAM":"Winterthur","ART_TEXT":"Gemeinde","ART_CODE":1},"arcs":[[359,-343,360,361,362]]},{"type":"Polygon","properties":{"BFS":219,"OBJECTID":119,"NAME":"Elsau","BEZIRKSNAM":"Winterthur","ART_TEXT":"Gemeinde","ART_CODE":1},"arcs":[[-351,-339,-323,363,364]]},{"type":"Polygon","properties":{"BFS":99,"OBJECTID":120,"NAME":"Schöfflisdorf","BEZIRKSNAM":"Dielsdorf","ART_TEXT":"Gemeinde","ART_CODE":1},"arcs":[[365,-355,366]]},{"type":"Polygon","properties":{"BFS":98,"OBJECTID":121,"NAME":"Schleinikon","BEZIRKSNAM":"Dielsdorf","ART_TEXT":"Gemeinde","ART_CODE":1},"arcs":[[367,-313,-311,368,369]]},{"type":"Polygon","properties":{"BFS":88,"OBJECTID":122,"NAME":"Neerach","BEZIRKSNAM":"Dielsdorf","ART_TEXT":"Gemeinde","ART_CODE":1},"arcs":[[-358,-336,-353,370,371,372]]},{"type":"Polygon","properties":{"BFS":91,"OBJECTID":123,"NAME":"Niederweningen","BEZIRKSNAM":"Dielsdorf","ART_TEXT":"Gemeinde","ART_CODE":1},"arcs":[[-369,-310,373]]},{"type":"Polygon","properties":{"BFS":56,"OBJECTID":124,"NAME":"Embrach","BEZIRKSNAM":"Bülach","ART_TEXT":"Gemeinde","ART_CODE":1},"arcs":[[374,-361,-342,-329,-344,375,376,377]]},{"type":"Polygon","properties":{"BFS":93,"OBJECTID":125,"NAME":"Oberweningen","BEZIRKSNAM":"Dielsdorf","ART_TEXT":"Gemeinde","ART_CODE":1},"arcs":[[-367,-354,-316,-368,378,379]]},{"type":"Polygon","properties":{"BFS":220,"OBJECTID":126,"NAME":"Hagenbuch","BEZIRKSNAM":"Winterthur","ART_TEXT":"Gemeinde","ART_CODE":1},"arcs":[[-349,380,381]]},{"type":"Polygon","properties":{"BFS":215,"OBJECTID":127,"NAME":"Dättlikon","BEZIRKSNAM":"Winterthur","ART_TEXT":"Gemeinde","ART_CODE":1},"arcs":[[382,-362,-375,383,384]]},{"type":"Polygon","properties":{"BFS":59,"OBJECTID":128,"NAME":"Hochfelden","BEZIRKSNAM":"Bülach","ART_TEXT":"Gemeinde","ART_CODE":1},"arcs":[[-359,-373,385,386,387]]},{"type":"Polygon","properties":{"BFS":81,"OBJECTID":129,"NAME":"Bachs","BEZIRKSNAM":"Dielsdorf","ART_TEXT":"Gemeinde","ART_CODE":1},"arcs":[[388,-371,-356,-366,-380,389,390]]},{"type":"Polygon","properties":{"BFS":68,"OBJECTID":130,"NAME":"Rorbas","BEZIRKSNAM":"Bülach","ART_TEXT":"Gemeinde","ART_CODE":1},"arcs":[[-377,391,392,393]]},{"type":"Polygon","properties":{"BFS":227,"OBJECTID":131,"NAME":"Seuzach","BEZIRKSNAM":"Winterthur","ART_TEXT":"Gemeinde","ART_CODE":1},"arcs":[[394,395,396,397]]},{"type":"Polygon","properties":{"BFS":230,"OBJECTID":132,"NAME":"Winterthur","BEZIRKSNAM":"Winterthur","ART_TEXT":"Gemeinde","ART_CODE":1},"arcs":[[398,399,-364,-322,-301,-300,-281,-298,-321,-341,-360,400,401,-398,402]]},{"type":"Polygon","properties":{"BFS":298,"OBJECTID":133,"NAME":"Wiesendangen","BEZIRKSNAM":"Winterthur","ART_TEXT":"Gemeinde","ART_CODE":1},"arcs":[[-381,-352,-365,-400,403,404,405]]},{"type":"Polygon","properties":{"BFS":100,"OBJECTID":134,"NAME":"Stadel","BEZIRKSNAM":"Dielsdorf","ART_TEXT":"Gemeinde","ART_CODE":1},"arcs":[[-386,-372,-389,406,407]]},{"type":"Polygon","properties":{"BFS":53,"OBJECTID":135,"NAME":"Bülach","BEZIRKSNAM":"Bülach","ART_TEXT":"Gemeinde","ART_CODE":1},"arcs":[[-392,-376,-346,-348,-357,-388,408,409]]},{"type":"Polygon","properties":{"BFS":57,"OBJECTID":136,"NAME":"Freienstein-Teufen","BEZIRKSNAM":"Bülach","ART_TEXT":"Gemeinde","ART_CODE":1},"arcs":[[410,-384,-378,-394,411,412,413]]},{"type":"Polygon","properties":{"BFS":223,"OBJECTID":137,"NAME":"Neftenbach","BEZIRKSNAM":"Winterthur","ART_TEXT":"Gemeinde","ART_CODE":1},"arcs":[[414,415,-401,-363,-383,416,417,418]]},{"type":"Polygon","properties":{"BFS":221,"OBJECTID":138,"NAME":"Hettlingen","BEZIRKSNAM":"Winterthur","ART_TEXT":"Gemeinde","ART_CODE":1},"arcs":[[-395,-402,-416,419,420]]},{"type":"Polygon","properties":{"BFS":24,"OBJECTID":139,"NAME":"Buch am Irchel","BEZIRKSNAM":"Andelfingen","ART_TEXT":"Gemeinde","ART_CODE":1},"arcs":[[421,-417,-385,-411,422,423]]},{"type":"Polygon","properties":{"BFS":225,"OBJECTID":140,"NAME":"Rickenbach (ZH)","BEZIRKSNAM":"Winterthur","ART_TEXT":"Gemeinde","ART_CODE":1},"arcs":[[424,-404,-399,425,426]]},{"type":"Polygon","properties":{"BFS":102,"OBJECTID":141,"NAME":"Weiach","BEZIRKSNAM":"Dielsdorf","ART_TEXT":"Gemeinde","ART_CODE":1},"arcs":[[427,-407,-391,428]]},{"type":"Polygon","properties":{"BFS":31,"OBJECTID":142,"NAME":"Henggart","BEZIRKSNAM":"Andelfingen","ART_TEXT":"Gemeinde","ART_CODE":1},"arcs":[[429,-420,-415,430]]},{"type":"Polygon","properties":{"BFS":23,"OBJECTID":143,"NAME":"Berg am Irchel","BEZIRKSNAM":"Andelfingen","ART_TEXT":"Gemeinde","ART_CODE":1},"arcs":[[431,432,-423,-414,433]]},{"type":"Polygon","properties":{"BFS":218,"OBJECTID":144,"NAME":"Ellikon an der Thur","BEZIRKSNAM":"Winterthur","ART_TEXT":"Gemeinde","ART_CODE":1},"arcs":[[-405,-425,434,435]]},{"type":"Polygon","properties":{"BFS":216,"OBJECTID":145,"NAME":"Dinhard","BEZIRKSNAM":"Winterthur","ART_TEXT":"Gemeinde","ART_CODE":1},"arcs":[[436,-426,-403,-397,437,438]]},{"type":"Polygon","properties":{"BFS":58,"OBJECTID":146,"NAME":"Glattfelden","BEZIRKSNAM":"Bülach","ART_TEXT":"Gemeinde","ART_CODE":1},"arcs":[[439,-409,-387,-408,-428,440,441]]},{"type":"Polygon","properties":{"BFS":214,"OBJECTID":147,"NAME":"Dägerlen","BEZIRKSNAM":"Winterthur","ART_TEXT":"Gemeinde","ART_CODE":1},"arcs":[[442,-438,-396,-421,-430,443,444]]},{"type":"Polygon","properties":{"BFS":32,"OBJECTID":148,"NAME":"Humlikon","BEZIRKSNAM":"Andelfingen","ART_TEXT":"Gemeinde","ART_CODE":1},"arcs":[[445,-444,-431,-419,446,447]]},{"type":"Polygon","properties":{"BFS":43,"OBJECTID":149,"NAME":"Volken","BEZIRKSNAM":"Andelfingen","ART_TEXT":"Gemeinde","ART_CODE":1},"arcs":[[448,-424,-433,449,450]]},{"type":"Polygon","properties":{"BFS":26,"OBJECTID":150,"NAME":"Dorf","BEZIRKSNAM":"Andelfingen","ART_TEXT":"Gemeinde","ART_CODE":1},"arcs":[[-447,-418,-422,-449,451]]},{"type":"Polygon","properties":{"BFS":55,"OBJECTID":151,"NAME":"Eglisau","BEZIRKSNAM":"Bülach","ART_TEXT":"Gemeinde","ART_CODE":1},"arcs":[[452,453,-412,-393,-410,-440,454,455]]},{"type":"Polygon","properties":{"BFS":211,"OBJECTID":152,"NAME":"Altikon","BEZIRKSNAM":"Winterthur","ART_TEXT":"Gemeinde","ART_CODE":1},"arcs":[[-435,-427,-437,456,457]]},{"type":"Polygon","properties":{"BFS":39,"OBJECTID":153,"NAME":"Thalheim an der Thur","BEZIRKSNAM":"Andelfingen","ART_TEXT":"Gemeinde","ART_CODE":1},"arcs":[[458,-457,-439,-443,459,460]]},{"type":"Polygon","properties":{"BFS":28,"OBJECTID":154,"NAME":"Flaach","BEZIRKSNAM":"Andelfingen","ART_TEXT":"Gemeinde","ART_CODE":1},"arcs":[[461,-450,-432,462,463,464]]},{"type":"Polygon","properties":{"BFS":21,"OBJECTID":155,"NAME":"Adlikon","BEZIRKSNAM":"Andelfingen","ART_TEXT":"Gemeinde","ART_CODE":1},"arcs":[[-460,-445,-446,465,466]]},{"type":"Polygon","properties":{"BFS":61,"OBJECTID":156,"NAME":"Hüntwangen","BEZIRKSNAM":"Bülach","ART_TEXT":"Gemeinde","ART_CODE":1},"arcs":[[-455,-442,467,468,469]]},{"type":"Polygon","properties":{"BFS":30,"OBJECTID":157,"NAME":"Andelfingen","BEZIRKSNAM":"Andelfingen","ART_TEXT":"Gemeinde","ART_CODE":1},"arcs":[[470,-466,-448,-452,-451,-462,471]]},{"type":"Polygon","properties":{"BFS":70,"OBJECTID":158,"NAME":"Wasterkingen","BEZIRKSNAM":"Bülach","ART_TEXT":"Gemeinde","ART_CODE":1},"arcs":[[-469,472,473]]},{"type":"Polygon","properties":{"BFS":71,"OBJECTID":159,"NAME":"Wil (ZH)","BEZIRKSNAM":"Bülach","ART_TEXT":"Gemeinde","ART_CODE":1},"arcs":[[-456,-470,-474,474,475]]},{"type":"Polygon","properties":{"BFS":33,"OBJECTID":160,"NAME":"Kleinandelfingen","BEZIRKSNAM":"Andelfingen","ART_TEXT":"Gemeinde","ART_CODE":1},"arcs":[[476,-472,-465,477,478]]},{"type":"Polygon","properties":{"BFS":67,"OBJECTID":161,"NAME":"Rafz","BEZIRKSNAM":"Bülach","ART_TEXT":"Gemeinde","ART_CODE":1},"arcs":[[-453,-476,479]]},{"type":"Polygon","properties":{"BFS":37,"OBJECTID":162,"NAME":"Ossingen","BEZIRKSNAM":"Andelfingen","ART_TEXT":"Gemeinde","ART_CODE":1},"arcs":[[480,481,-461,-467,-471,-477,482,483]]},{"type":"Polygon","properties":{"BFS":41,"OBJECTID":163,"NAME":"Truttikon","BEZIRKSNAM":"Andelfingen","ART_TEXT":"Gemeinde","ART_CODE":1},"arcs":[[484,-484,485,486]]},{"type":"Polygon","properties":{"BFS":35,"OBJECTID":164,"NAME":"Marthalen","BEZIRKSNAM":"Andelfingen","ART_TEXT":"Gemeinde","ART_CODE":1},"arcs":[[487,-478,-464,488,489,490]]},{"type":"Polygon","properties":{"BFS":36,"OBJECTID":165,"NAME":"Oberstammheim","BEZIRKSNAM":"Andelfingen","ART_TEXT":"Gemeinde","ART_CODE":1},"arcs":[[491]]},{"type":"Polygon","properties":{"BFS":44,"OBJECTID":166,"NAME":"Waltalingen","BEZIRKSNAM":"Andelfingen","ART_TEXT":"Gemeinde","ART_CODE":1},"arcs":[[492,-481,-485,493,494]]},{"type":"Polygon","properties":{"BFS":38,"OBJECTID":167,"NAME":"Rheinau","BEZIRKSNAM":"Andelfingen","ART_TEXT":"Gemeinde","ART_CODE":1},"arcs":[[495,496,-490,497]]},{"type":"Polygon","properties":{"BFS":40,"OBJECTID":168,"NAME":"Trüllikon","BEZIRKSNAM":"Andelfingen","ART_TEXT":"Gemeinde","ART_CODE":1},"arcs":[[-486,-483,-479,-488,498,499,500]]},{"type":"Polygon","properties":{"BFS":42,"OBJECTID":169,"NAME":"Unterstammheim","BEZIRKSNAM":"Andelfingen","ART_TEXT":"Gemeinde","ART_CODE":1},"arcs":[[-495,501]]},{"type":"Polygon","properties":{"BFS":22,"OBJECTID":170,"NAME":"Benken (ZH)","BEZIRKSNAM":"Andelfingen","ART_TEXT":"Gemeinde","ART_CODE":1},"arcs":[[-499,-491,-497,502,503]]},{"type":"Polygon","properties":{"BFS":25,"OBJECTID":171,"NAME":"Dachsen","BEZIRKSNAM":"Andelfingen","ART_TEXT":"Gemeinde","ART_CODE":1},"arcs":[[-503,-496,504,505]]},{"type":"Polygon","properties":{"BFS":34,"OBJECTID":172,"NAME":"Laufen-Uhwiesen","BEZIRKSNAM":"Andelfingen","ART_TEXT":"Gemeinde","ART_CODE":1},"arcs":[[506,-500,-504,-506,507,508,509]]},{"type":"Polygon","properties":{"BFS":29,"OBJECTID":173,"NAME":"Flurlingen","BEZIRKSNAM":"Andelfingen","ART_TEXT":"Gemeinde","ART_CODE":1},"arcs":[[-509,510,511]]},{"type":"Polygon","properties":{"BFS":27,"OBJECTID":174,"NAME":"Feuerthalen","BEZIRKSNAM":"Andelfingen","ART_TEXT":"Gemeinde","ART_CODE":1},"arcs":[[-510,-512,512]]},{"type":"Polygon","properties":{"BFS":134,"OBJECTID":175,"NAME":"Hütten","BEZIRKSNAM":"Horgen","ART_TEXT":"Gemeinde","ART_CODE":1},"arcs":[[0,1,2]]},{"type":"Polygon","properties":{"BFS":140,"OBJECTID":176,"NAME":"Schönenberg (ZH)","BEZIRKSNAM":"Horgen","ART_TEXT":"Gemeinde","ART_CODE":1},"arcs":[[3,-2,4,5,6]]},{"type":"Polygon","properties":{"BFS":138,"OBJECTID":177,"NAME":"Richterswil","BEZIRKSNAM":"Horgen","ART_TEXT":"Gemeinde","ART_CODE":1},"arcs":[[7,-3,-4,8,9]]},{"type":"Polygon","properties":{"BFS":6,"OBJECTID":178,"NAME":"Kappel am Albis","BEZIRKSNAM":"Affoltern","ART_TEXT":"Gemeinde","ART_CODE":1},"arcs":[[10,11,12,13,14]]},{"type":"Polygon","properties":{"BFS":132,"OBJECTID":179,"NAME":"Hirzel","BEZIRKSNAM":"Horgen","ART_TEXT":"Gemeinde","ART_CODE":1},"arcs":[[15,-6,16,17,18]]},{"type":"Polygon","properties":{"BFS":7,"OBJECTID":180,"NAME":"Knonau","BEZIRKSNAM":"Affoltern","ART_TEXT":"Gemeinde","ART_CODE":1},"arcs":[[-12,19,20,21]]},{"type":"Polygon","properties":{"BFS":8,"OBJECTID":181,"NAME":"Maschwanden","BEZIRKSNAM":"Affoltern","ART_TEXT":"Gemeinde","ART_CODE":1},"arcs":[[-21,22,23,24]]},{"type":"Polygon","properties":{"BFS":142,"OBJECTID":182,"NAME":"Wädenswil","BEZIRKSNAM":"Horgen","ART_TEXT":"Gemeinde","ART_CODE":1},"arcs":[[-9,-7,-16,25,26]]},{"type":"Polygon","properties":{"BFS":12,"OBJECTID":183,"NAME":"Rifferswil","BEZIRKSNAM":"Affoltern","ART_TEXT":"Gemeinde","ART_CODE":1},"arcs":[[27,-14,28,29]]},{"type":"Polygon","properties":{"BFS":9,"OBJECTID":184,"NAME":"Mettmenstetten","BEZIRKSNAM":"Affoltern","ART_TEXT":"Gemeinde","ART_CODE":1},"arcs":[[30,-29,-13,-22,-25,31,32]]},{"type":"Polygon","properties":{"BFS":158,"OBJECTID":185,"NAME":"Stäfa","BEZIRKSNAM":"Meilen","ART_TEXT":"Gemeinde","ART_CODE":1},"arcs":[[33,34,35,36]]},{"type":"Polygon","properties":{"BFS":133,"OBJECTID":186,"NAME":"Horgen","BEZIRKSNAM":"Horgen","ART_TEXT":"Gemeinde","ART_CODE":1},"arcs":[[37,-26,-19,38,39,40]]},{"type":"Polygon","properties":{"BFS":0,"OBJECTID":187,"NAME":"Türlersee","BEZIRKSNAM":null,"ART_TEXT":"See","ART_CODE":3},"arcs":[[41,42]]},{"type":"Polygon","properties":{"BFS":153,"OBJECTID":188,"NAME":"Hombrechtikon","BEZIRKSNAM":"Meilen","ART_TEXT":"Gemeinde","ART_CODE":1},"arcs":[[43,44,45,-34,46,47]]},{"type":"Polygon","properties":{"BFS":4,"OBJECTID":189,"NAME":"Hausen am Albis","BEZIRKSNAM":"Affoltern","ART_TEXT":"Gemeinde","ART_CODE":1},"arcs":[[-39,-18,48,-15,-28,49,-42,50,51]]},{"type":"Polygon","properties":{"BFS":155,"OBJECTID":190,"NAME":"Männedorf","BEZIRKSNAM":"Meilen","ART_TEXT":"Gemeinde","ART_CODE":1},"arcs":[[-36,52,53,54]]},{"type":"Polygon","properties":{"BFS":118,"OBJECTID":191,"NAME":"Rüti (ZH)","BEZIRKSNAM":"Hinwil","ART_TEXT":"Gemeinde","ART_CODE":1},"arcs":[[55,56,57,58]]},{"type":"Polygon","properties":{"BFS":10,"OBJECTID":192,"NAME":"Obfelden","BEZIRKSNAM":"Affoltern","ART_TEXT":"Gemeinde","ART_CODE":1},"arcs":[[-32,-24,59,60,61]]},{"type":"Polygon","properties":{"BFS":137,"OBJECTID":193,"NAME":"Oberrieden","BEZIRKSNAM":"Horgen","ART_TEXT":"Gemeinde","ART_CODE":1},"arcs":[[-41,62,63]]},{"type":"Polygon","properties":{"BFS":159,"OBJECTID":194,"NAME":"Uetikon am See","BEZIRKSNAM":"Meilen","ART_TEXT":"Gemeinde","ART_CODE":1},"arcs":[[64,-54,65,66,67]]},{"type":"Polygon","properties":{"BFS":157,"OBJECTID":195,"NAME":"Oetwil am See","BEZIRKSNAM":"Meilen","ART_TEXT":"Gemeinde","ART_CODE":1},"arcs":[[68,-47,-37,-55,-65,69]]},{"type":"Polygon","properties":{"BFS":1,"OBJECTID":196,"NAME":"Aeugst am Albis","BEZIRKSNAM":"Affoltern","ART_TEXT":"Gemeinde","ART_CODE":1},"arcs":[[70,-51,-43,-50,-30,-31,71,72]]},{"type":"Polygon","properties":{"BFS":11,"OBJECTID":197,"NAME":"Ottenbach","BEZIRKSNAM":"Affoltern","ART_TEXT":"Gemeinde","ART_CODE":1},"arcs":[[-61,73,74]]},{"type":"Polygon","properties":{"BFS":113,"OBJECTID":198,"NAME":"Dürnten","BEZIRKSNAM":"Hinwil","ART_TEXT":"Gemeinde","ART_CODE":1},"arcs":[[75,-58,76,77]]},{"type":"Polygon","properties":{"BFS":112,"OBJECTID":199,"NAME":"Bubikon","BEZIRKSNAM":"Hinwil","ART_TEXT":"Gemeinde","ART_CODE":1},"arcs":[[-77,-57,78,-44,79,80,81]]},{"type":"Polygon","properties":{"BFS":116,"OBJECTID":200,"NAME":"Grüningen","BEZIRKSNAM":"Hinwil","ART_TEXT":"Gemeinde","ART_CODE":1},"arcs":[[-80,-48,-69,82,83]]},{"type":"Polygon","properties":{"BFS":2,"OBJECTID":201,"NAME":"Affoltern am Albis","BEZIRKSNAM":"Affoltern","ART_TEXT":"Gemeinde","ART_CODE":1},"arcs":[[84,-72,-33,-62,-75,85,86]]},{"type":"Polygon","properties":{"BFS":136,"OBJECTID":202,"NAME":"Langnau am Albis","BEZIRKSNAM":"Horgen","ART_TEXT":"Gemeinde","ART_CODE":1},"arcs":[[87,-40,-52,-71,88,89,90]]},{"type":"Polygon","properties":{"BFS":156,"OBJECTID":203,"NAME":"Meilen","BEZIRKSNAM":"Meilen","ART_TEXT":"Gemeinde","ART_CODE":1},"arcs":[[-67,91,92,93]]},{"type":"Polygon","properties":{"BFS":141,"OBJECTID":204,"NAME":"Thalwil","BEZIRKSNAM":"Horgen","ART_TEXT":"Gemeinde","ART_CODE":1},"arcs":[[-63,-88,94,95]]},{"type":"Polygon","properties":{"BFS":152,"OBJECTID":205,"NAME":"Herrliberg","BEZIRKSNAM":"Meilen","ART_TEXT":"Gemeinde","ART_CODE":1},"arcs":[[96,97,-93,98,99,100]]},{"type":"Polygon","properties":{"BFS":5,"OBJECTID":206,"NAME":"Hedingen","BEZIRKSNAM":"Affoltern","ART_TEXT":"Gemeinde","ART_CODE":1},"arcs":[[101,-87,102,103]]},{"type":"Polygon","properties":{"BFS":151,"OBJECTID":207,"NAME":"Erlenbach (ZH)","BEZIRKSNAM":"Meilen","ART_TEXT":"Gemeinde","ART_CODE":1},"arcs":[[-100,104,105]]},{"type":"Polygon","properties":{"BFS":139,"OBJECTID":208,"NAME":"Rüschlikon","BEZIRKSNAM":"Horgen","ART_TEXT":"Gemeinde","ART_CODE":1},"arcs":[[-95,-91,106,107,108]]},{"type":"Polygon","properties":{"BFS":120,"OBJECTID":209,"NAME":"Wald (ZH)","BEZIRKSNAM":"Hinwil","ART_TEXT":"Gemeinde","ART_CODE":1},"arcs":[[109,-59,-76,110,111]]},{"type":"Polygon","properties":{"BFS":192,"OBJECTID":210,"NAME":"Egg","BEZIRKSNAM":"Uster","ART_TEXT":"Gemeinde","ART_CODE":1},"arcs":[[112,-83,-70,-68,-94,-98,113,114]]},{"type":"Polygon","properties":{"BFS":115,"OBJECTID":211,"NAME":"Gossau (ZH)","BEZIRKSNAM":"Hinwil","ART_TEXT":"Gemeinde","ART_CODE":1},"arcs":[[115,-81,-84,-113,116,117]]},{"type":"Polygon","properties":{"BFS":117,"OBJECTID":212,"NAME":"Hinwil","BEZIRKSNAM":"Hinwil","ART_TEXT":"Gemeinde","ART_CODE":1},"arcs":[[118,-111,-78,-82,-116,119,120]]},{"type":"Polygon","properties":{"BFS":131,"OBJECTID":213,"NAME":"Adliswil","BEZIRKSNAM":"Horgen","ART_TEXT":"Gemeinde","ART_CODE":1},"arcs":[[-107,-90,121,122,123]]},{"type":"Polygon","properties":{"BFS":3,"OBJECTID":214,"NAME":"Bonstetten","BEZIRKSNAM":"Affoltern","ART_TEXT":"Gemeinde","ART_CODE":1},"arcs":[[124,-104,125,126]]},{"type":"Polygon","properties":{"BFS":154,"OBJECTID":215,"NAME":"Küsnacht (ZH)","BEZIRKSNAM":"Meilen","ART_TEXT":"Gemeinde","ART_CODE":1},"arcs":[[127,-101,-106,128,129,130]]},{"type":"Polygon","properties":{"BFS":135,"OBJECTID":216,"NAME":"Kilchberg (ZH)","BEZIRKSNAM":"Horgen","ART_TEXT":"Gemeinde","ART_CODE":1},"arcs":[[-108,-124,131,132]]},{"type":"Polygon","properties":{"BFS":196,"OBJECTID":217,"NAME":"Mönchaltorf","BEZIRKSNAM":"Uster","ART_TEXT":"Gemeinde","ART_CODE":1},"arcs":[[133,-117,-115,134,135,136,137]]},{"type":"Polygon","properties":{"BFS":121,"OBJECTID":218,"NAME":"Wetzikon (ZH)","BEZIRKSNAM":"Hinwil","ART_TEXT":"Gemeinde","ART_CODE":1},"arcs":[[138,139,-120,-118,-134,140,141]]},{"type":"Polygon","properties":{"BFS":241,"OBJECTID":219,"NAME":"Aesch (ZH)","BEZIRKSNAM":"Dietikon","ART_TEXT":"Gemeinde","ART_CODE":1},"arcs":[[142,143]]},{"type":"Polygon","properties":{"BFS":14,"OBJECTID":220,"NAME":"Wettswil am Albis","BEZIRKSNAM":"Affoltern","ART_TEXT":"Gemeinde","ART_CODE":1},"arcs":[[144,-127,145,146]]},{"type":"Polygon","properties":{"BFS":160,"OBJECTID":221,"NAME":"Zumikon","BEZIRKSNAM":"Meilen","ART_TEXT":"Gemeinde","ART_CODE":1},"arcs":[[-131,147,148]]},{"type":"Polygon","properties":{"BFS":13,"OBJECTID":222,"NAME":"Stallikon","BEZIRKSNAM":"Affoltern","ART_TEXT":"Gemeinde","ART_CODE":1},"arcs":[[149,-122,-89,-73,-85,-102,-125,-145,150,151]]},{"type":"Polygon","properties":{"BFS":161,"OBJECTID":223,"NAME":"Zollikon","BEZIRKSNAM":"Meilen","ART_TEXT":"Gemeinde","ART_CODE":1},"arcs":[[-148,-130,152,153,154]]},{"type":"Polygon","properties":{"BFS":119,"OBJECTID":224,"NAME":"Seegräben","BEZIRKSNAM":"Hinwil","ART_TEXT":"Gemeinde","ART_CODE":1},"arcs":[[-141,-138,155,156,157]]},{"type":"Polygon","properties":{"BFS":195,"OBJECTID":225,"NAME":"Maur","BEZIRKSNAM":"Uster","ART_TEXT":"Gemeinde","ART_CODE":1},"arcs":[[158,-135,-114,-97,-128,-149,-155,159,160]]},{"type":"Polygon","properties":{"BFS":0,"OBJECTID":226,"NAME":"Zürichsee","BEZIRKSNAM":null,"ART_TEXT":"See","ART_CODE":3},"arcs":[[-153,-129,-105,-99,-92,-66,-53,-35,-46,161,-10,-27,-38,-64,-96,-109,-133,162]]},{"type":"Polygon","properties":{"BFS":0,"OBJECTID":227,"NAME":"Pfäffikersee","BEZIRKSNAM":null,"ART_TEXT":"See","ART_CODE":3},"arcs":[[-142,-158,163]]},{"type":"Polygon","properties":{"BFS":242,"OBJECTID":228,"NAME":"Birmensdorf (ZH)","BEZIRKSNAM":"Dietikon","ART_TEXT":"Gemeinde","ART_CODE":1},"arcs":[[-151,-147,-144,164,165,166]]},{"type":"Polygon","properties":{"BFS":111,"OBJECTID":229,"NAME":"Bäretswil","BEZIRKSNAM":"Hinwil","ART_TEXT":"Gemeinde","ART_CODE":1},"arcs":[[167,-121,-140,168,169,170]]},{"type":"Polygon","properties":{"BFS":0,"OBJECTID":230,"NAME":"Greifensee","BEZIRKSNAM":null,"ART_TEXT":"See","ART_CODE":3},"arcs":[[171,172,-136,-159,173,174]]},{"type":"Polygon","properties":{"BFS":248,"OBJECTID":231,"NAME":"Uitikon","BEZIRKSNAM":"Dietikon","ART_TEXT":"Gemeinde","ART_CODE":1},"arcs":[[-152,-167,175,176]]},{"type":"Polygon","properties":{"BFS":194,"OBJECTID":232,"NAME":"Greifensee","BEZIRKSNAM":"Uster","ART_TEXT":"Gemeinde","ART_CODE":1},"arcs":[[177,-172,178,179]]},{"type":"Polygon","properties":{"BFS":114,"OBJECTID":233,"NAME":"Fischenthal","BEZIRKSNAM":"Hinwil","ART_TEXT":"Gemeinde","ART_CODE":1},"arcs":[[-112,-119,-168,180,181,182]]},{"type":"Polygon","properties":{"BFS":193,"OBJECTID":234,"NAME":"Fällanden","BEZIRKSNAM":"Uster","ART_TEXT":"Gemeinde","ART_CODE":1},"arcs":[[183,-174,-161,184,185]]},{"type":"Polygon","properties":{"BFS":198,"OBJECTID":235,"NAME":"Uster","BEZIRKSNAM":"Uster","ART_TEXT":"Gemeinde","ART_CODE":1},"arcs":[[186,-156,-137,-173,-178,187,188]]},{"type":"Polygon","properties":{"BFS":173,"OBJECTID":236,"NAME":"Hittnau","BEZIRKSNAM":"Pfäffikon","ART_TEXT":"Gemeinde","ART_CODE":1},"arcs":[[-170,189,190]]},{"type":"Polygon","properties":{"BFS":197,"OBJECTID":237,"NAME":"Schwerzenbach","BEZIRKSNAM":"Uster","ART_TEXT":"Gemeinde","ART_CODE":1},"arcs":[[-179,-175,-184,191,192]]},{"type":"Polygon","properties":{"BFS":250,"OBJECTID":238,"NAME":"Urdorf","BEZIRKSNAM":"Dietikon","ART_TEXT":"Gemeinde","ART_CODE":1},"arcs":[[193,-176,-166,194,195]]},{"type":"Polygon","properties":{"BFS":171,"OBJECTID":239,"NAME":"Bauma","BEZIRKSNAM":"Pfäffikon","ART_TEXT":"Gemeinde","ART_CODE":1},"arcs":[[196,-181,-171,-191,197,198,199]]},{"type":"Polygon","properties":{"BFS":177,"OBJECTID":240,"NAME":"Pfäffikon","BEZIRKSNAM":"Pfäffikon","ART_TEXT":"Gemeinde","ART_CODE":1},"arcs":[[-198,-190,-169,-139,-164,-157,-187,200,201,202]]},{"type":"Polygon","properties":{"BFS":179,"OBJECTID":241,"NAME":"Sternenberg","BEZIRKSNAM":"Pfäffikon","ART_TEXT":"Gemeinde","ART_CODE":1},"arcs":[[-182,-197,203,204]]},{"type":"Polygon","properties":{"BFS":172,"OBJECTID":242,"NAME":"Fehraltorf","BEZIRKSNAM":"Pfäffikon","ART_TEXT":"Gemeinde","ART_CODE":1},"arcs":[[-201,-189,205,206,207]]},{"type":"Polygon","properties":{"BFS":247,"OBJECTID":243,"NAME":"Schlieren","BEZIRKSNAM":"Dietikon","ART_TEXT":"Gemeinde","ART_CODE":1},"arcs":[[208,209,-194,210,211]]},{"type":"Polygon","properties":{"BFS":191,"OBJECTID":244,"NAME":"Dübendorf","BEZIRKSNAM":"Uster","ART_TEXT":"Gemeinde","ART_CODE":1},"arcs":[[212,-192,-186,213,214,215,216]]},{"type":"Polygon","properties":{"BFS":199,"OBJECTID":245,"NAME":"Volketswil","BEZIRKSNAM":"Uster","ART_TEXT":"Gemeinde","ART_CODE":1},"arcs":[[-206,-188,-180,-193,-213,217,218,219]]},{"type":"Polygon","properties":{"BFS":249,"OBJECTID":246,"NAME":"Unterengstringen","BEZIRKSNAM":"Dietikon","ART_TEXT":"Gemeinde","ART_CODE":1},"arcs":[[220,-212,221,222,223]]},{"type":"Polygon","properties":{"BFS":245,"OBJECTID":247,"NAME":"Oberengstringen","BEZIRKSNAM":"Dietikon","ART_TEXT":"Gemeinde","ART_CODE":1},"arcs":[[-209,-221,224,225]]},{"type":"Polygon","properties":{"BFS":243,"OBJECTID":248,"NAME":"Dietikon","BEZIRKSNAM":"Dietikon","ART_TEXT":"Gemeinde","ART_CODE":1},"arcs":[[226,227,-222,-211,-196,228,229]]},{"type":"Polygon","properties":{"BFS":178,"OBJECTID":249,"NAME":"Russikon","BEZIRKSNAM":"Pfäffikon","ART_TEXT":"Gemeinde","ART_CODE":1},"arcs":[[-202,-208,230,231,232]]},{"type":"Polygon","properties":{"BFS":244,"OBJECTID":250,"NAME":"Geroldswil","BEZIRKSNAM":"Dietikon","ART_TEXT":"Gemeinde","ART_CODE":1},"arcs":[[-227,233,234]]},{"type":"Polygon","properties":{"BFS":200,"OBJECTID":251,"NAME":"Wangen-Brüttisellen","BEZIRKSNAM":"Uster","ART_TEXT":"Gemeinde","ART_CODE":1},"arcs":[[235,-218,-217,236,237]]},{"type":"Polygon","properties":{"BFS":251,"OBJECTID":252,"NAME":"Weiningen (ZH)","BEZIRKSNAM":"Dietikon","ART_TEXT":"Gemeinde","ART_CODE":1},"arcs":[[238,-223,-228,-235,239,240]]},{"type":"Polygon","properties":{"BFS":181,"OBJECTID":253,"NAME":"Wila","BEZIRKSNAM":"Pfäffikon","ART_TEXT":"Gemeinde","ART_CODE":1},"arcs":[[241,242,-204,-200,243]]},{"type":"Polygon","properties":{"BFS":261,"OBJECTID":254,"NAME":"Zürich","BEZIRKSNAM":"Zürich","ART_TEXT":"Gemeinde","ART_CODE":1},"arcs":[[244,245,-214,-185,-160,-154,-163,-132,-123,-150,-177,-210,-226,246,247]]},{"type":"Polygon","properties":{"BFS":69,"OBJECTID":255,"NAME":"Wallisellen","BEZIRKSNAM":"Bülach","ART_TEXT":"Gemeinde","ART_CODE":1},"arcs":[[-215,-246,248,249,250]]},{"type":"Polygon","properties":{"BFS":246,"OBJECTID":256,"NAME":"Oetwil an der Limmat","BEZIRKSNAM":"Dietikon","ART_TEXT":"Gemeinde","ART_CODE":1},"arcs":[[251,-240,-234,-230,252,253,254]]},{"type":"Polygon","properties":{"BFS":54,"OBJECTID":257,"NAME":"Dietlikon","BEZIRKSNAM":"Bülach","ART_TEXT":"Gemeinde","ART_CODE":1},"arcs":[[-237,-216,-251,255,256]]},{"type":"Polygon","properties":{"BFS":66,"OBJECTID":258,"NAME":"Opfikon","BEZIRKSNAM":"Bülach","ART_TEXT":"Gemeinde","ART_CODE":1},"arcs":[[-249,-245,257,258]]},{"type":"Polygon","properties":{"BFS":182,"OBJECTID":259,"NAME":"Wildberg","BEZIRKSNAM":"Pfäffikon","ART_TEXT":"Gemeinde","ART_CODE":1},"arcs":[[-244,-199,-203,-233,259,260,261]]},{"type":"Polygon","properties":{"BFS":84,"OBJECTID":260,"NAME":"Dällikon","BEZIRKSNAM":"Dielsdorf","ART_TEXT":"Gemeinde","ART_CODE":1},"arcs":[[262,-241,-252,263,264]]},{"type":"Polygon","properties":{"BFS":87,"OBJECTID":261,"NAME":"Hüttikon","BEZIRKSNAM":"Dielsdorf","ART_TEXT":"Gemeinde","ART_CODE":1},"arcs":[[265,-254,266,267]]},{"type":"Polygon","properties":{"BFS":85,"OBJECTID":262,"NAME":"Dänikon","BEZIRKSNAM":"Dielsdorf","ART_TEXT":"Gemeinde","ART_CODE":1},"arcs":[[268,-264,-255,-266,269]]},{"type":"Polygon","properties":{"BFS":180,"OBJECTID":263,"NAME":"Weisslingen","BEZIRKSNAM":"Pfäffikon","ART_TEXT":"Gemeinde","ART_CODE":1},"arcs":[[-260,-232,270,271,272]]},{"type":"Polygon","properties":{"BFS":96,"OBJECTID":264,"NAME":"Regensdorf","BEZIRKSNAM":"Dielsdorf","ART_TEXT":"Gemeinde","ART_CODE":1},"arcs":[[273,-247,-225,-224,-239,-263,274,275]]},{"type":"Polygon","properties":{"BFS":52,"OBJECTID":265,"NAME":"Bassersdorf","BEZIRKSNAM":"Bülach","ART_TEXT":"Gemeinde","ART_CODE":1},"arcs":[[276,277,-238,-257,278]]},{"type":"Polygon","properties":{"BFS":174,"OBJECTID":266,"NAME":"Illnau-Effretikon","BEZIRKSNAM":"Pfäffikon","ART_TEXT":"Gemeinde","ART_CODE":1},"arcs":[[-271,-231,-207,-220,279,280,281]]},{"type":"Polygon","properties":{"BFS":228,"OBJECTID":267,"NAME":"Turbenthal","BEZIRKSNAM":"Winterthur","ART_TEXT":"Gemeinde","ART_CODE":1},"arcs":[[-242,-262,282,283,284,285]]},{"type":"Polygon","properties":{"BFS":83,"OBJECTID":268,"NAME":"Buchs (ZH)","BEZIRKSNAM":"Dielsdorf","ART_TEXT":"Gemeinde","ART_CODE":1},"arcs":[[286,287,-275,-265,-269,288,289,290]]},{"type":"Polygon","properties":{"BFS":97,"OBJECTID":269,"NAME":"Rümlang","BEZIRKSNAM":"Dielsdorf","ART_TEXT":"Gemeinde","ART_CODE":1},"arcs":[[291,292,-258,-248,-274,293,294]]},{"type":"Polygon","properties":{"BFS":176,"OBJECTID":270,"NAME":"Lindau","BEZIRKSNAM":"Pfäffikon","ART_TEXT":"Gemeinde","ART_CODE":1},"arcs":[[-280,-219,-236,-278,295,296,297]]},{"type":"Polygon","properties":{"BFS":175,"OBJECTID":271,"NAME":"Kyburg","BEZIRKSNAM":"Pfäffikon","ART_TEXT":"Gemeinde","ART_CODE":1},"arcs":[[298,-272,-282,299]]},{"type":"Polygon","properties":{"BFS":231,"OBJECTID":272,"NAME":"Zell (ZH)","BEZIRKSNAM":"Winterthur","ART_TEXT":"Gemeinde","ART_CODE":1},"arcs":[[-283,-261,-273,-299,300,301]]},{"type":"Polygon","properties":{"BFS":64,"OBJECTID":273,"NAME":"Nürensdorf","BEZIRKSNAM":"Bülach","ART_TEXT":"Gemeinde","ART_CODE":1},"arcs":[[302,-296,-277,303,304]]},{"type":"Polygon","properties":{"BFS":62,"OBJECTID":274,"NAME":"Kloten","BEZIRKSNAM":"Bülach","ART_TEXT":"Gemeinde","ART_CODE":1},"arcs":[[-304,-279,-256,-250,-259,-293,305,306,307]]},{"type":"Polygon","properties":{"BFS":94,"OBJECTID":275,"NAME":"Otelfingen","BEZIRKSNAM":"Dielsdorf","ART_TEXT":"Gemeinde","ART_CODE":1},"arcs":[[-289,-270,-268,308,309,310,311]]},{"type":"Polygon","properties":{"BFS":82,"OBJECTID":276,"NAME":"Boppelsen","BEZIRKSNAM":"Dielsdorf","ART_TEXT":"Gemeinde","ART_CODE":1},"arcs":[[-290,-312,312,313]]},{"type":"Polygon","properties":{"BFS":95,"OBJECTID":277,"NAME":"Regensberg","BEZIRKSNAM":"Dielsdorf","ART_TEXT":"Gemeinde","ART_CODE":1},"arcs":[[314,-291,-314,315,316]]},{"type":"Polygon","properties":{"BFS":86,"OBJECTID":278,"NAME":"Dielsdorf","BEZIRKSNAM":"Dielsdorf","ART_TEXT":"Gemeinde","ART_CODE":1},"arcs":[[317,-287,-315,318]]},{"type":"Polygon","properties":{"BFS":213,"OBJECTID":279,"NAME":"Brütten","BEZIRKSNAM":"Winterthur","ART_TEXT":"Gemeinde","ART_CODE":1},"arcs":[[-297,-303,319,320]]},{"type":"Polygon","properties":{"BFS":226,"OBJECTID":280,"NAME":"Schlatt (ZH)","BEZIRKSNAM":"Winterthur","ART_TEXT":"Gemeinde","ART_CODE":1},"arcs":[[-284,-302,321,322,323]]},{"type":"Polygon","properties":{"BFS":90,"OBJECTID":281,"NAME":"Niederhasli","BEZIRKSNAM":"Dielsdorf","ART_TEXT":"Gemeinde","ART_CODE":1},"arcs":[[324,-294,-276,-288,-318,325,326]]},{"type":"Polygon","properties":{"BFS":63,"OBJECTID":282,"NAME":"Lufingen","BEZIRKSNAM":"Bülach","ART_TEXT":"Gemeinde","ART_CODE":1},"arcs":[[-307,327,328,329]]},{"type":"Polygon","properties":{"BFS":92,"OBJECTID":283,"NAME":"Oberglatt","BEZIRKSNAM":"Dielsdorf","ART_TEXT":"Gemeinde","ART_CODE":1},"arcs":[[330,-295,-325,331,332,333]]},{"type":"Polygon","properties":{"BFS":89,"OBJECTID":284,"NAME":"Niederglatt","BEZIRKSNAM":"Dielsdorf","ART_TEXT":"Gemeinde","ART_CODE":1},"arcs":[[-332,-327,334,335,336]]},{"type":"Polygon","properties":{"BFS":222,"OBJECTID":285,"NAME":"Hofstetten (ZH)","BEZIRKSNAM":"Winterthur","ART_TEXT":"Gemeinde","ART_CODE":1},"arcs":[[337,-285,-324,338,339]]},{"type":"Polygon","properties":{"BFS":65,"OBJECTID":286,"NAME":"Oberembrach","BEZIRKSNAM":"Bülach","ART_TEXT":"Gemeinde","ART_CODE":1},"arcs":[[340,-320,-305,-308,-330,341,342]]},{"type":"Polygon","properties":{"BFS":72,"OBJECTID":287,"NAME":"Winkel","BEZIRKSNAM":"Bülach","ART_TEXT":"Gemeinde","ART_CODE":1},"arcs":[[343,-328,-306,-292,-331,344,345]]},{"type":"Polygon","properties":{"BFS":51,"OBJECTID":288,"NAME":"Bachenbülach","BEZIRKSNAM":"Bülach","ART_TEXT":"Gemeinde","ART_CODE":1},"arcs":[[-345,-334,346,347]]},{"type":"Polygon","properties":{"BFS":217,"OBJECTID":289,"NAME":"Elgg","BEZIRKSNAM":"Winterthur","ART_TEXT":"Gemeinde","ART_CODE":1},"arcs":[[348,349,-340,350,351]]},{"type":"Polygon","properties":{"BFS":101,"OBJECTID":290,"NAME":"Steinmaur","BEZIRKSNAM":"Dielsdorf","ART_TEXT":"Gemeinde","ART_CODE":1},"arcs":[[352,-335,-326,-319,-317,353,354,355]]},{"type":"Polygon","properties":{"BFS":60,"OBJECTID":291,"NAME":"Höri","BEZIRKSNAM":"Bülach","ART_TEXT":"Gemeinde","ART_CODE":1},"arcs":[[356,-347,-333,-337,357,358]]},{"type":"Polygon","properties":{"BFS":224,"OBJECTID":292,"NAME":"Pfungen","BEZIRKSNAM":"Winterthur","ART_TEXT":"Gemeinde","ART_CODE":1},"arcs":[[359,-343,360,361,362]]},{"type":"Polygon","properties":{"BFS":219,"OBJECTID":293,"NAME":"Elsau","BEZIRKSNAM":"Winterthur","ART_TEXT":"Gemeinde","ART_CODE":1},"arcs":[[-351,-339,-323,363,364]]},{"type":"Polygon","properties":{"BFS":99,"OBJECTID":294,"NAME":"Schöfflisdorf","BEZIRKSNAM":"Dielsdorf","ART_TEXT":"Gemeinde","ART_CODE":1},"arcs":[[365,-355,366]]},{"type":"Polygon","properties":{"BFS":98,"OBJECTID":295,"NAME":"Schleinikon","BEZIRKSNAM":"Dielsdorf","ART_TEXT":"Gemeinde","ART_CODE":1},"arcs":[[367,-313,-311,368,369]]},{"type":"Polygon","properties":{"BFS":88,"OBJECTID":296,"NAME":"Neerach","BEZIRKSNAM":"Dielsdorf","ART_TEXT":"Gemeinde","ART_CODE":1},"arcs":[[-358,-336,-353,370,371,372]]},{"type":"Polygon","properties":{"BFS":91,"OBJECTID":297,"NAME":"Niederweningen","BEZIRKSNAM":"Dielsdorf","ART_TEXT":"Gemeinde","ART_CODE":1},"arcs":[[-369,-310,373]]},{"type":"Polygon","properties":{"BFS":56,"OBJECTID":298,"NAME":"Embrach","BEZIRKSNAM":"Bülach","ART_TEXT":"Gemeinde","ART_CODE":1},"arcs":[[374,-361,-342,-329,-344,375,376,377]]},{"type":"Polygon","properties":{"BFS":93,"OBJECTID":299,"NAME":"Oberweningen","BEZIRKSNAM":"Dielsdorf","ART_TEXT":"Gemeinde","ART_CODE":1},"arcs":[[-367,-354,-316,-368,378,379]]},{"type":"Polygon","properties":{"BFS":220,"OBJECTID":300,"NAME":"Hagenbuch","BEZIRKSNAM":"Winterthur","ART_TEXT":"Gemeinde","ART_CODE":1},"arcs":[[-349,380,381]]},{"type":"Polygon","properties":{"BFS":215,"OBJECTID":301,"NAME":"Dättlikon","BEZIRKSNAM":"Winterthur","ART_TEXT":"Gemeinde","ART_CODE":1},"arcs":[[382,-362,-375,383,384]]},{"type":"Polygon","properties":{"BFS":59,"OBJECTID":302,"NAME":"Hochfelden","BEZIRKSNAM":"Bülach","ART_TEXT":"Gemeinde","ART_CODE":1},"arcs":[[-359,-373,385,386,387]]},{"type":"Polygon","properties":{"BFS":81,"OBJECTID":303,"NAME":"Bachs","BEZIRKSNAM":"Dielsdorf","ART_TEXT":"Gemeinde","ART_CODE":1},"arcs":[[388,-371,-356,-366,-380,389,390]]},{"type":"Polygon","properties":{"BFS":68,"OBJECTID":304,"NAME":"Rorbas","BEZIRKSNAM":"Bülach","ART_TEXT":"Gemeinde","ART_CODE":1},"arcs":[[-377,391,392,393]]},{"type":"Polygon","properties":{"BFS":227,"OBJECTID":305,"NAME":"Seuzach","BEZIRKSNAM":"Winterthur","ART_TEXT":"Gemeinde","ART_CODE":1},"arcs":[[394,395,396,397]]},{"type":"Polygon","properties":{"BFS":230,"OBJECTID":306,"NAME":"Winterthur","BEZIRKSNAM":"Winterthur","ART_TEXT":"Gemeinde","ART_CODE":1},"arcs":[[398,399,-364,-322,-301,-300,-281,-298,-321,-341,-360,400,401,-398,402]]},{"type":"Polygon","properties":{"BFS":298,"OBJECTID":307,"NAME":"Wiesendangen","BEZIRKSNAM":"Winterthur","ART_TEXT":"Gemeinde","ART_CODE":1},"arcs":[[-381,-352,-365,-400,403,404,405]]},{"type":"Polygon","properties":{"BFS":100,"OBJECTID":308,"NAME":"Stadel","BEZIRKSNAM":"Dielsdorf","ART_TEXT":"Gemeinde","ART_CODE":1},"arcs":[[-386,-372,-389,406,407]]},{"type":"Polygon","properties":{"BFS":53,"OBJECTID":309,"NAME":"Bülach","BEZIRKSNAM":"Bülach","ART_TEXT":"Gemeinde","ART_CODE":1},"arcs":[[-392,-376,-346,-348,-357,-388,408,409]]},{"type":"Polygon","properties":{"BFS":57,"OBJECTID":310,"NAME":"Freienstein-Teufen","BEZIRKSNAM":"Bülach","ART_TEXT":"Gemeinde","ART_CODE":1},"arcs":[[410,-384,-378,-394,411,412,413]]},{"type":"Polygon","properties":{"BFS":223,"OBJECTID":311,"NAME":"Neftenbach","BEZIRKSNAM":"Winterthur","ART_TEXT":"Gemeinde","ART_CODE":1},"arcs":[[414,415,-401,-363,-383,416,417,418]]},{"type":"Polygon","properties":{"BFS":221,"OBJECTID":312,"NAME":"Hettlingen","BEZIRKSNAM":"Winterthur","ART_TEXT":"Gemeinde","ART_CODE":1},"arcs":[[-395,-402,-416,419,420]]},{"type":"Polygon","properties":{"BFS":24,"OBJECTID":313,"NAME":"Buch am Irchel","BEZIRKSNAM":"Andelfingen","ART_TEXT":"Gemeinde","ART_CODE":1},"arcs":[[421,-417,-385,-411,422,423]]},{"type":"Polygon","properties":{"BFS":225,"OBJECTID":314,"NAME":"Rickenbach (ZH)","BEZIRKSNAM":"Winterthur","ART_TEXT":"Gemeinde","ART_CODE":1},"arcs":[[424,-404,-399,425,426]]},{"type":"Polygon","properties":{"BFS":102,"OBJECTID":315,"NAME":"Weiach","BEZIRKSNAM":"Dielsdorf","ART_TEXT":"Gemeinde","ART_CODE":1},"arcs":[[427,-407,-391,428]]},{"type":"Polygon","properties":{"BFS":31,"OBJECTID":316,"NAME":"Henggart","BEZIRKSNAM":"Andelfingen","ART_TEXT":"Gemeinde","ART_CODE":1},"arcs":[[429,-420,-415,430]]},{"type":"Polygon","properties":{"BFS":23,"OBJECTID":317,"NAME":"Berg am Irchel","BEZIRKSNAM":"Andelfingen","ART_TEXT":"Gemeinde","ART_CODE":1},"arcs":[[431,432,-423,-414,433]]},{"type":"Polygon","properties":{"BFS":218,"OBJECTID":318,"NAME":"Ellikon an der Thur","BEZIRKSNAM":"Winterthur","ART_TEXT":"Gemeinde","ART_CODE":1},"arcs":[[-405,-425,434,435]]},{"type":"Polygon","properties":{"BFS":216,"OBJECTID":319,"NAME":"Dinhard","BEZIRKSNAM":"Winterthur","ART_TEXT":"Gemeinde","ART_CODE":1},"arcs":[[436,-426,-403,-397,437,438]]},{"type":"Polygon","properties":{"BFS":58,"OBJECTID":320,"NAME":"Glattfelden","BEZIRKSNAM":"Bülach","ART_TEXT":"Gemeinde","ART_CODE":1},"arcs":[[439,-409,-387,-408,-428,440,441]]},{"type":"Polygon","properties":{"BFS":214,"OBJECTID":321,"NAME":"Dägerlen","BEZIRKSNAM":"Winterthur","ART_TEXT":"Gemeinde","ART_CODE":1},"arcs":[[442,-438,-396,-421,-430,443,444]]},{"type":"Polygon","properties":{"BFS":32,"OBJECTID":322,"NAME":"Humlikon","BEZIRKSNAM":"Andelfingen","ART_TEXT":"Gemeinde","ART_CODE":1},"arcs":[[445,-444,-431,-419,446,447]]},{"type":"Polygon","properties":{"BFS":43,"OBJECTID":323,"NAME":"Volken","BEZIRKSNAM":"Andelfingen","ART_TEXT":"Gemeinde","ART_CODE":1},"arcs":[[448,-424,-433,449,450]]},{"type":"Polygon","properties":{"BFS":26,"OBJECTID":324,"NAME":"Dorf","BEZIRKSNAM":"Andelfingen","ART_TEXT":"Gemeinde","ART_CODE":1},"arcs":[[-447,-418,-422,-449,451]]},{"type":"Polygon","properties":{"BFS":55,"OBJECTID":325,"NAME":"Eglisau","BEZIRKSNAM":"Bülach","ART_TEXT":"Gemeinde","ART_CODE":1},"arcs":[[452,453,-412,-393,-410,-440,454,455]]},{"type":"Polygon","properties":{"BFS":211,"OBJECTID":326,"NAME":"Altikon","BEZIRKSNAM":"Winterthur","ART_TEXT":"Gemeinde","ART_CODE":1},"arcs":[[-435,-427,-437,456,457]]},{"type":"Polygon","properties":{"BFS":39,"OBJECTID":327,"NAME":"Thalheim an der Thur","BEZIRKSNAM":"Andelfingen","ART_TEXT":"Gemeinde","ART_CODE":1},"arcs":[[458,-457,-439,-443,459,460]]},{"type":"Polygon","properties":{"BFS":28,"OBJECTID":328,"NAME":"Flaach","BEZIRKSNAM":"Andelfingen","ART_TEXT":"Gemeinde","ART_CODE":1},"arcs":[[461,-450,-432,462,463,464]]},{"type":"Polygon","properties":{"BFS":21,"OBJECTID":329,"NAME":"Adlikon","BEZIRKSNAM":"Andelfingen","ART_TEXT":"Gemeinde","ART_CODE":1},"arcs":[[-460,-445,-446,465,466]]},{"type":"Polygon","properties":{"BFS":61,"OBJECTID":330,"NAME":"Hüntwangen","BEZIRKSNAM":"Bülach","ART_TEXT":"Gemeinde","ART_CODE":1},"arcs":[[-455,-442,467,468,469]]},{"type":"Polygon","properties":{"BFS":30,"OBJECTID":331,"NAME":"Andelfingen","BEZIRKSNAM":"Andelfingen","ART_TEXT":"Gemeinde","ART_CODE":1},"arcs":[[470,-466,-448,-452,-451,-462,471]]},{"type":"Polygon","properties":{"BFS":70,"OBJECTID":332,"NAME":"Wasterkingen","BEZIRKSNAM":"Bülach","ART_TEXT":"Gemeinde","ART_CODE":1},"arcs":[[-469,472,473]]},{"type":"Polygon","properties":{"BFS":71,"OBJECTID":333,"NAME":"Wil (ZH)","BEZIRKSNAM":"Bülach","ART_TEXT":"Gemeinde","ART_CODE":1},"arcs":[[-456,-470,-474,474,475]]},{"type":"Polygon","properties":{"BFS":33,"OBJECTID":334,"NAME":"Kleinandelfingen","BEZIRKSNAM":"Andelfingen","ART_TEXT":"Gemeinde","ART_CODE":1},"arcs":[[476,-472,-465,477,478]]},{"type":"Polygon","properties":{"BFS":67,"OBJECTID":335,"NAME":"Rafz","BEZIRKSNAM":"Bülach","ART_TEXT":"Gemeinde","ART_CODE":1},"arcs":[[-453,-476,479]]},{"type":"Polygon","properties":{"BFS":37,"OBJECTID":336,"NAME":"Ossingen","BEZIRKSNAM":"Andelfingen","ART_TEXT":"Gemeinde","ART_CODE":1},"arcs":[[480,481,-461,-467,-471,-477,482,483]]},{"type":"Polygon","properties":{"BFS":41,"OBJECTID":337,"NAME":"Truttikon","BEZIRKSNAM":"Andelfingen","ART_TEXT":"Gemeinde","ART_CODE":1},"arcs":[[484,-484,485,486]]},{"type":"Polygon","properties":{"BFS":35,"OBJECTID":338,"NAME":"Marthalen","BEZIRKSNAM":"Andelfingen","ART_TEXT":"Gemeinde","ART_CODE":1},"arcs":[[487,-478,-464,488,489,490]]},{"type":"Polygon","properties":{"BFS":36,"OBJECTID":339,"NAME":"Oberstammheim","BEZIRKSNAM":"Andelfingen","ART_TEXT":"Gemeinde","ART_CODE":1},"arcs":[[491]]},{"type":"Polygon","properties":{"BFS":44,"OBJECTID":340,"NAME":"Waltalingen","BEZIRKSNAM":"Andelfingen","ART_TEXT":"Gemeinde","ART_CODE":1},"arcs":[[492,-481,-485,493,494]]},{"type":"Polygon","properties":{"BFS":38,"OBJECTID":341,"NAME":"Rheinau","BEZIRKSNAM":"Andelfingen","ART_TEXT":"Gemeinde","ART_CODE":1},"arcs":[[495,496,-490,497]]},{"type":"Polygon","properties":{"BFS":40,"OBJECTID":342,"NAME":"Trüllikon","BEZIRKSNAM":"Andelfingen","ART_TEXT":"Gemeinde","ART_CODE":1},"arcs":[[-486,-483,-479,-488,498,499,500]]},{"type":"Polygon","properties":{"BFS":42,"OBJECTID":343,"NAME":"Unterstammheim","BEZIRKSNAM":"Andelfingen","ART_TEXT":"Gemeinde","ART_CODE":1},"arcs":[[-495,501]]},{"type":"Polygon","properties":{"BFS":22,"OBJECTID":344,"NAME":"Benken (ZH)","BEZIRKSNAM":"Andelfingen","ART_TEXT":"Gemeinde","ART_CODE":1},"arcs":[[-499,-491,-497,502,503]]},{"type":"Polygon","properties":{"BFS":25,"OBJECTID":345,"NAME":"Dachsen","BEZIRKSNAM":"Andelfingen","ART_TEXT":"Gemeinde","ART_CODE":1},"arcs":[[-503,-496,504,505]]},{"type":"Polygon","properties":{"BFS":34,"OBJECTID":346,"NAME":"Laufen-Uhwiesen","BEZIRKSNAM":"Andelfingen","ART_TEXT":"Gemeinde","ART_CODE":1},"arcs":[[506,-500,-504,-506,507,508,509]]},{"type":"Polygon","properties":{"BFS":29,"OBJECTID":347,"NAME":"Flurlingen","BEZIRKSNAM":"Andelfingen","ART_TEXT":"Gemeinde","ART_CODE":1},"arcs":[[-509,510,511]]},{"type":"Polygon","properties":{"BFS":27,"OBJECTID":348,"NAME":"Feuerthalen","BEZIRKSNAM":"Andelfingen","ART_TEXT":"Gemeinde","ART_CODE":1},"arcs":[[-510,-512,512]]}]}},"arcs":[[[5203,394],[14,-53],[33,-87],[121,-66],[6,-116],[-213,-17],[-46,-55],[-217,32],[-51,138],[-27,-12],[-22,5],[-60,-1],[-20,16],[-44,-17],[-55,-13],[-73,-5],[-40,24],[-2,22],[-16,5],[-73,2],[-16,-1]],[[4402,195],[129,135],[68,-27],[56,96],[225,112]],[[4880,511],[39,11],[89,-74],[138,28],[57,-82]],[[5011,772],[-33,-24],[0,-15],[1,-59],[-44,-13],[-55,-150]],[[4402,195],[-31,-3],[-56,14],[-27,24],[-3,32],[15,35],[21,18],[14,23],[-8,21],[-49,67],[-61,86],[7,32],[-30,19],[-5,25],[-21,69],[-37,67]],[[4131,724],[99,77],[-10,59],[112,25],[36,96]],[[4368,981],[136,16],[79,-104],[127,31],[60,-78],[52,21],[123,-96],[41,27],[25,-26]],[[5732,824],[-96,-61],[-69,35],[-16,-49],[-4,-17],[-10,-12],[-34,-15],[-59,-4],[-241,-258],[0,-49]],[[5011,772],[64,59],[61,-7],[39,87],[82,22],[-27,88],[61,57],[37,35],[29,27]],[[5357,1140],[61,-29],[62,-13],[50,-29],[51,-81],[36,-40],[59,-50],[56,-74]],[[3008,1121],[-24,-3],[-124,54],[-32,-97],[-293,11],[2,-50],[-160,-97],[-97,24],[-125,-53]],[[2155,910],[-65,67],[-15,41],[-10,40]],[[2065,1058],[97,17],[-14,93],[41,78],[-132,151],[22,25]],[[2079,1422],[58,-33],[50,26],[74,-34],[66,16],[28,-69],[172,-55],[-37,74],[183,34],[4,42]],[[2677,1423],[-14,34],[39,3],[86,-78],[130,-14],[52,-62],[-29,-31],[63,-68],[4,-86]],[[4183,1188],[185,-207]],[[4131,724],[-6,12],[-94,74],[-38,2],[-26,-13],[-35,-18],[-37,-21],[-20,10],[-22,24],[-18,27],[2,29],[14,49],[-4,17],[-46,36],[-26,-3],[-24,-3],[-16,5],[-10,13],[-20,3],[-18,-14],[-19,-15],[-14,-10],[-24,-5],[-19,12],[-6,14],[-8,56],[8,20],[8,15],[-1,16],[-13,23],[-3,0]],[[3596,1079],[15,56]],[[3611,1135],[32,54],[29,12],[2,11],[-25,22],[-24,8],[-41,17],[-51,41],[-12,63],[7,24],[9,31],[13,23],[3,0],[189,29],[66,-121],[74,29],[40,104],[181,-290],[46,15],[34,-19]],[[2155,910],[-43,-28],[-23,-12],[-44,-1],[-16,5],[-19,14],[-154,105],[-136,-12],[-66,98],[-127,0],[-38,74]],[[1489,1153],[3,0],[-13,35],[-11,35],[-22,42],[-35,25],[-27,37],[-68,142],[11,64]],[[1327,1533],[72,23],[18,-55],[48,4],[24,-57],[103,17],[53,-107],[135,19],[59,-133],[29,-28],[13,-10],[73,-17],[31,-17],[35,-33],[34,-36],[3,-12],[8,-33]],[[1489,1153],[-167,0],[-117,27],[-128,-36],[-11,39],[-11,1],[-16,12],[-13,-1],[-7,20],[-5,23],[-10,8],[0,11],[-3,18],[-3,23],[0,45],[-4,22],[-9,15],[4,21],[-16,14],[-19,23],[5,12],[15,6],[14,19],[-13,23],[-19,6],[-11,22]],[[945,1526],[35,10],[-5,58],[78,17],[19,-38],[213,45]],[[1285,1618],[42,-85]],[[4183,1188],[96,105],[-19,8],[-15,19],[-4,42],[9,28],[-5,22],[130,35],[61,112],[-79,152]],[[4357,1711],[27,-4],[24,-20],[62,-16],[77,42],[50,4],[140,-48],[31,-76],[121,-95],[-5,-26],[154,-107],[25,-4],[48,-27],[31,-37],[1,-20],[46,-42],[65,-35],[28,10],[14,-21],[36,-37],[25,-12]],[[2345,1848],[130,-48],[116,-107],[-50,-38],[10,-214],[126,-18]],[[2079,1422],[22,30],[-76,9],[-41,123],[-51,3],[-16,33],[57,29],[-81,65],[81,35],[123,-27],[40,-52],[66,16],[-10,22],[-13,20],[91,49],[35,18],[1,17],[2,49]],[[2309,1861],[33,-12],[3,-1]],[[1858,1893],[21,-44],[24,-14],[83,-25],[49,-19],[82,78],[79,-42],[100,40],[13,-6]],[[1285,1618],[31,33],[-82,96],[49,29],[-41,55],[85,46],[70,8],[-9,53],[56,0]],[[1444,1938],[5,-33],[33,0],[-1,82],[128,2],[118,-90],[71,10],[25,-9],[35,-7]],[[5964,1923],[43,-15],[-9,-34],[107,-1],[94,-96],[1,-45],[62,-14],[204,-173],[71,8],[25,-117],[91,32],[24,-49]],[[6677,1419],[-45,2],[-184,-17],[-39,10],[-61,5],[-45,-3],[-46,-19],[-68,19],[-23,-1],[-42,-21],[-37,-4],[-22,5],[-9,14],[-105,52],[-23,1],[-79,10],[-76,22],[-32,29],[-29,8],[-26,30],[-16,37],[-38,24],[-15,-8],[-19,6]],[[5598,1620],[128,177],[-36,48],[20,55],[-35,41],[34,59]],[[5709,2000],[150,-71],[105,-6]],[[3688,2059],[24,-23],[39,-33],[18,-54],[55,-41],[119,-50],[192,-75],[77,-27],[57,-31],[88,-14]],[[3611,1135],[-36,17],[-161,76],[-243,330],[-291,267],[-16,50]],[[2864,1875],[72,-13],[0,70],[202,110],[6,52]],[[3144,2094],[15,-8],[38,-3],[25,-25],[19,-22],[31,-50],[29,18],[173,-86],[84,82],[130,59]],[[2313,2074],[40,-41],[42,-28],[35,-16],[28,-18],[15,-16],[8,-35],[-22,-7],[-24,13],[-34,7],[-27,-1],[-6,-1]],[[2368,1931],[-12,-3],[-23,28],[-32,29],[-16,7],[-19,22],[-11,29],[-4,25],[8,10],[21,17],[27,-15],[6,-6]],[[6788,2016],[57,-143],[188,-165],[249,-18]],[[7282,1690],[-152,-35],[-89,-118],[6,-25]],[[7047,1512],[-35,-5],[-90,-74],[-10,-16],[-22,-2],[-65,18],[-54,-30],[-41,5],[-16,9],[-37,2]],[[5964,1923],[269,110]],[[6233,2033],[346,71],[209,-88]],[[3596,1079],[-9,-1],[-13,-2],[-23,-5],[-22,-3],[-135,-12],[-116,88],[-270,-23]],[[2345,1848],[23,83]],[[2313,2074],[50,18]],[[2363,2092],[114,-41],[55,61],[29,-18],[12,-72],[-2,-18],[16,-21],[17,-14],[50,-18],[34,46],[139,-25],[37,-97]],[[5598,1620],[-79,25],[-62,31],[-56,42],[-47,12],[-22,14],[4,17],[-20,21],[-104,37],[-8,10],[-66,16]],[[5138,1845],[14,26],[94,20],[45,111],[121,35],[9,91]],[[5421,2128],[99,-34],[62,27],[57,-85],[70,-36]],[[8554,1807],[-283,-34],[-24,-68],[-13,-22],[-22,-24],[-21,-19],[-45,-15],[-99,-8],[-44,-3],[-41,11],[-27,16],[-16,29],[2,35],[2,33],[-201,-72],[-185,82]],[[7537,1748],[-54,78],[170,127]],[[7653,1953],[223,-33],[31,67],[23,25],[50,6],[63,16],[40,22],[35,27],[56,10],[56,-5],[47,19],[49,-25],[226,28]],[[8552,2110],[10,1],[61,33],[56,9],[11,-52],[84,14],[-11,-81],[-84,-11],[-123,-123],[-2,-93]],[[945,1526],[-11,27],[-3,20],[-22,21],[-30,23],[-28,32],[-42,31],[-38,37],[-8,25],[5,26],[17,29],[8,30],[-12,32],[-29,27],[-21,21],[-4,22],[8,31],[17,48]],[[752,2008],[190,27],[124,95],[89,-59],[-2,114]],[[1153,2185],[137,33],[27,-153],[125,-83],[2,-44]],[[3144,2094],[273,144],[60,-20],[5,40],[80,26]],[[3562,2284],[49,-57],[3,-48],[22,-58],[21,-34],[31,-28]],[[5394,2173],[27,-45]],[[5138,1845],[-63,14],[-99,40],[-6,11],[-11,0]],[[4959,1910],[86,193],[-19,47],[211,212]],[[5237,2362],[157,-189]],[[6081,2354],[25,-7],[-78,-51],[134,-128],[-22,-38],[93,-97]],[[5394,2173],[142,58],[67,-40],[82,145],[82,-4],[92,80],[222,-58]],[[2416,2334],[73,-65],[-28,-139],[-98,-38]],[[1858,1893],[52,27],[-11,75],[47,15],[-78,103],[-1,238],[78,26]],[[1945,2377],[236,86],[162,-145],[73,16]],[[752,2008],[5,36],[-17,36],[-39,26],[-31,21],[-33,29],[-18,35],[-11,42],[-17,52],[-23,54],[-37,45],[-2,2],[68,40],[98,-78],[118,82],[188,32],[5,4]],[[1006,2466],[147,-281]],[[8517,2316],[-6,-58],[41,-148]],[[7653,1953],[-9,32],[-65,3],[-105,178],[29,25],[-29,57]],[[7474,2248],[40,29],[-37,70],[141,95],[221,25],[81,-160],[59,15],[15,62],[267,52],[163,-160],[93,40]],[[7537,1748],[-255,-58]],[[6788,2016],[176,172]],[[6964,2188],[82,79],[160,58],[-75,34],[61,37],[-23,30],[-81,-29],[-40,17],[97,89],[129,7]],[[7274,2510],[64,-188],[77,17],[59,-91]],[[6081,2354],[2,77]],[[6083,2431],[20,65],[127,-44],[37,45],[113,-20],[27,46],[134,-21],[198,-159],[126,-12],[99,-143]],[[1931,2472],[14,-95]],[[1006,2466],[137,117],[25,21],[13,11]],[[1181,2615],[27,-34],[-9,-36],[45,-38],[50,28],[72,-38],[18,-69],[104,-2],[29,-50],[241,103],[7,-34],[166,27]],[[2971,2478],[26,-26],[29,-41],[9,-17],[3,-32],[-14,-29],[-12,-36],[17,-33],[60,-29],[46,-34],[11,-25],[-10,-70],[8,-12]],[[2416,2334],[57,41],[1,0]],[[2474,2375],[52,-28],[195,177],[-6,56],[64,45],[6,4]],[[2785,2629],[37,-17],[45,-36],[31,-37],[36,-41],[37,-20]],[[4959,1910],[-42,-2],[-39,33],[-4,14],[-75,-12],[-65,14],[-29,36],[-32,16],[-38,3],[-35,-15],[-78,18],[-43,48],[-96,6],[-65,43],[-29,5],[-20,19],[-116,59],[-56,66],[-28,18],[-7,21]],[[4062,2300],[69,42],[119,-55],[365,107],[49,157],[206,98]],[[4870,2649],[104,-38],[139,-211],[95,8],[29,-46]],[[2971,2478],[137,134],[163,46]],[[3271,2658],[65,-76],[53,-42],[90,-110],[25,-58],[43,-71],[15,-17]],[[4754,2821],[23,-23]],[[4777,2798],[93,-149]],[[4062,2300],[-62,75],[-100,84],[-30,36]],[[3870,2495],[165,75],[-66,73],[186,99],[45,-38],[112,59],[64,-18],[36,27]],[[4412,2772],[74,49],[268,0]],[[2031,2578],[27,-21],[-127,-85]],[[1181,2615],[17,38],[-37,58],[139,150],[72,12]],[[1372,2873],[86,-7],[51,-64],[450,-246],[72,22]],[[3870,2495],[-3,4],[-5,23],[-29,56],[-28,21],[-24,9],[-23,32],[-29,28],[-25,53],[-20,14]],[[3684,2735],[154,61],[135,-29],[-2,43],[238,-3],[-23,48],[96,40],[64,-114],[44,16],[22,-25]],[[2785,2629],[141,98],[-9,72]],[[2917,2799],[115,14],[0,58],[155,34]],[[3187,2905],[11,-15],[-2,-31],[12,-55],[35,-101],[17,-33],[11,-12]],[[9789,2831],[-183,-40],[-192,-262],[-29,-14],[-35,-12],[-37,-12],[-26,-13],[-59,-3],[-12,-11],[96,-63],[32,-124],[56,84],[46,-19],[-28,-112],[-86,-71],[37,-66],[-196,-182],[-45,26],[-309,-114],[-25,48],[-240,-64]],[[8517,2316],[17,162],[-70,104],[66,233],[221,0],[33,47]],[[8784,2862],[84,15],[144,46],[26,-48],[125,89],[170,-62],[250,-4],[75,1],[131,-68]],[[5935,2535],[-42,-29],[190,-75]],[[4777,2798],[167,17],[136,118],[104,-50],[118,110],[101,-17],[44,25]],[[5447,3001],[24,-12],[36,26],[51,-33],[-36,-57],[58,-47],[-30,-37],[-74,-16],[37,-27],[-22,-42],[132,-90],[106,28],[206,-159]],[[7221,2582],[53,-72]],[[5935,2535],[68,41],[51,-18],[63,54],[-37,48],[16,28],[-159,87],[43,46],[86,42],[-38,57],[105,36],[-3,92],[113,77],[131,15],[120,15]],[[6494,3155],[159,-170],[177,-38],[82,-136],[46,10],[28,-48],[-28,-16],[58,-84],[166,-26],[39,-65]],[[8480,2978],[84,-89],[31,-2],[48,4],[17,-17],[119,-13],[5,1]],[[7221,2582],[71,80],[-159,128],[228,187],[132,-122],[200,3],[12,272],[65,34]],[[7770,3164],[50,-80],[174,-44],[107,28],[118,-89],[228,-25],[33,24]],[[2474,2375],[-104,228],[93,116],[-134,255]],[[2329,2974],[434,114],[4,50],[94,48],[3,2]],[[2864,3188],[-30,-150],[29,-75],[-27,-23],[81,-141]],[[2056,3038],[10,-38],[-51,-70],[48,-79],[107,-34],[-151,-41],[-23,-165],[35,-33]],[[1372,2873],[-25,54],[147,88],[-2,54],[95,102],[35,37]],[[1622,3208],[20,-29],[116,17],[10,-82],[146,3],[8,-56],[81,11],[4,-41],[49,7]],[[4618,3205],[170,-303],[-34,-81]],[[3684,2735],[-45,32],[-74,89],[-45,76],[1,82],[-18,53],[-41,49],[-27,85],[-2,4]],[[3433,3205],[158,47],[126,-93],[192,101]],[[3909,3260],[115,-49],[26,-113],[31,5],[134,-84],[67,10],[55,-42],[110,136],[116,-13],[55,95]],[[2864,3188],[109,78]],[[2973,3266],[39,-51],[41,-60],[61,-146],[73,-104]],[[6495,3212],[-1,-57]],[[5447,3001],[-25,21]],[[5422,3022],[4,0],[26,15],[-5,36],[22,28]],[[5469,3101],[94,-52],[39,-43],[414,136],[114,-94],[113,77],[132,15],[-81,143],[55,50]],[[6349,3333],[44,-121],[102,0]],[[6920,3433],[72,-42],[142,31],[206,-72],[50,19],[125,31]],[[7515,3400],[-6,-55],[151,-97],[44,36],[66,-120]],[[6495,3212],[72,73],[55,-51],[127,58],[5,53],[-20,12],[-25,44]],[[6709,3401],[20,6],[6,20],[70,-18],[43,24],[32,-8],[40,5],[0,3]],[[1584,3223],[-33,13],[-70,-91],[-230,-93],[-67,53],[-187,-93],[-86,86],[92,98],[-24,61]],[[979,3257],[0,118],[257,81],[119,-42],[10,44],[56,-9],[-2,-39],[97,-30],[68,-157]],[[1788,3501],[148,-114],[127,-208],[-34,-97],[27,-44]],[[1622,3208],[-38,15]],[[1584,3223],[109,56],[-105,170],[40,67],[160,-15]],[[3909,3260],[174,104],[-18,57],[173,14],[30,109]],[[4268,3544],[201,-102],[-30,-52],[187,-90],[-8,-95]],[[2101,3588],[237,-283],[-45,-263],[36,-68]],[[1788,3501],[61,7],[-32,50],[94,41]],[[1911,3599],[43,16],[147,-27]],[[3433,3205],[-70,126],[-12,71],[-27,50],[-6,6]],[[3318,3458],[331,138],[74,7],[38,-21],[148,-20],[42,60],[246,-17],[67,36]],[[4264,3641],[22,-33],[-18,-64]],[[6349,3333],[87,77],[-91,97],[1,64]],[[6346,3571],[258,87]],[[6604,3658],[13,-29],[30,-64],[18,-61],[7,-82],[36,-20],[1,-1]],[[4790,3695],[53,-56],[53,-13],[25,-59],[49,-59],[38,-17],[77,-14],[41,-65],[12,-36],[79,-87],[30,-20],[38,-74],[30,-64],[11,-81],[43,-25],[53,-3]],[[4264,3641],[-58,83]],[[4206,3724],[79,46],[100,-85],[176,49],[28,-49],[79,47],[55,-57],[67,20]],[[7047,1512],[66,10],[15,-32],[66,-10],[49,11],[129,-35],[25,-54],[0,-73],[-93,-38],[31,-24],[29,-64],[76,6],[80,-12],[105,-101],[173,-2],[20,-22],[97,30],[-15,65],[12,27],[146,7],[39,-11],[62,-46],[166,-22],[22,-36],[38,-8],[266,78],[15,19],[180,48],[125,5],[33,63],[252,-2],[113,-17],[116,1],[-28,-50],[-73,-16],[0,-56],[44,-20],[-42,-32],[-419,-142],[-82,-13],[-123,-40],[-46,-4],[-127,46],[-79,17],[-26,-5],[-47,-29],[-61,-13],[-94,3],[-295,-56],[-39,-29],[17,-40],[-31,-118],[-146,-34],[-154,60],[-75,-24],[-73,30],[-67,1],[-27,19],[-4,59],[-92,32],[-75,3],[-66,34],[-46,35],[-4,72],[120,71],[9,40],[-35,44],[-152,-65],[-31,-25],[-15,-104],[-48,-27],[-229,22],[-39,-38],[-125,22],[-147,17],[-152,-19],[-112,-31],[-11,16],[68,30],[7,29],[-93,-1],[-30,-20],[-101,-115],[-106,-27],[-112,21],[-37,20],[-2,1]],[[2973,3266],[-13,17],[-27,0],[-39,81],[-41,110],[-5,28],[10,25],[2,97],[5,44],[-2,77],[14,47],[35,24],[19,8],[12,4],[40,0],[13,-7],[37,-71],[-2,-67],[58,-75],[1,-22],[113,-20],[37,-23],[59,-84],[17,2],[2,-3]],[[6604,3658],[-1,2],[8,39],[-51,26],[20,57],[63,29],[36,30],[69,6],[24,-17],[16,-33],[47,-56],[28,-57],[3,-28],[57,-49],[-16,-47],[13,-8],[23,10],[13,-18],[-20,-46],[-55,-9],[-5,-11],[7,-10],[40,-7],[-3,-28]],[[979,3257],[-75,78],[-132,92],[89,171],[-82,188],[25,55]],[[804,3841],[79,-37],[214,62],[28,-37],[150,59]],[[1275,3888],[12,-66],[107,24],[169,-53],[8,-54],[44,-16],[33,38],[110,-128],[153,-34]],[[8779,3608],[-63,-148],[77,-86],[-43,-54],[108,-139],[-62,-2],[4,-34],[103,-12],[-54,-126],[-49,7],[-48,12],[-80,12],[-158,23],[-34,-83]],[[7515,3400],[-105,110]],[[7410,3510],[54,47],[28,-39],[183,33],[254,188],[18,110]],[[7947,3849],[22,76],[62,-9],[4,-55],[131,-57],[46,-78],[265,-100],[104,72],[36,-11],[-2,-36],[164,-43]],[[4923,3967],[44,-28],[44,-64],[67,-64],[81,-19],[65,-64],[18,-49],[38,-48]],[[5280,3631],[24,-31],[12,-58],[-4,-75],[18,-55],[43,-53],[36,-28],[100,-42],[66,-23],[21,-24],[3,-64],[-25,-47],[-29,-15],[-56,10],[-20,-25]],[[4790,3695],[-56,58],[-23,42],[-5,87],[14,64],[30,22],[11,2]],[[4761,3970],[11,3],[69,25],[45,-8],[37,-23]],[[1275,3888],[-1,31],[134,57],[-29,41],[68,13],[2,50]],[[1449,4080],[58,-32],[155,2],[143,-110],[-77,-43],[-10,-54],[98,-55],[-4,-55],[159,-8],[130,-137]],[[5120,3989],[72,-43],[-33,-38],[76,-55],[105,-5],[-26,-63],[105,-104],[-139,-50]],[[4923,3967],[65,31],[-82,54],[33,38]],[[4939,4090],[3,-2],[178,-99]],[[8779,3608],[72,-8],[-32,138],[3,38],[89,-1],[23,-9],[17,6],[70,101],[105,8],[49,112],[131,85]],[[9306,4078],[35,27]],[[9341,4105],[71,-46],[31,-35],[15,-71],[38,-81],[33,-57],[36,-33],[19,-25],[1,-46],[226,-49],[-13,-205],[114,-55],[-37,-130],[2,-25],[3,-34],[19,-25],[100,-120],[-121,-227],[-89,-10]],[[4554,4124],[10,-6],[186,-139],[11,-9]],[[4206,3724],[-24,30],[-98,17],[52,98]],[[4136,3869],[17,116],[-44,41],[226,154],[39,-34],[20,-11],[31,-4],[86,3],[24,-5],[19,-5]],[[6338,3843],[-63,-76],[73,-74],[-2,-122]],[[5120,3989],[1,77],[204,102],[39,-25],[127,63],[236,-157],[43,43],[61,-18],[74,135]],[[5905,4209],[236,-172],[-13,-46],[76,-58],[66,9],[68,-99]],[[7410,3510],[-132,-9],[-12,186],[-82,25],[60,149],[-161,119],[48,81],[48,-2],[22,69],[282,163],[180,7]],[[7663,4298],[-4,-103],[104,-22],[65,-167],[-41,-37],[32,-27],[86,35],[14,-35],[-38,-54],[66,-39]],[[4554,4124],[78,110],[-36,32],[73,97]],[[4669,4363],[169,-40],[-22,-93],[74,-59],[-19,-37],[68,-44]],[[1099,4385],[29,-76],[64,6],[95,-131],[162,-104]],[[804,3841],[21,46],[-102,12],[4,57],[-60,10],[-3,1]],[[664,3967],[74,56],[74,4],[36,305],[-34,30],[35,25],[121,-36],[129,34]],[[8408,4416],[46,-127],[67,15],[41,-58],[-13,-65],[92,28],[140,-103],[525,-28]],[[7663,4298],[49,8],[-19,140]],[[7693,4446],[217,17]],[[7910,4463],[32,-43],[32,-43],[2,0],[432,39]],[[6338,3843],[51,37],[-14,96],[66,56],[35,-38],[68,45],[-20,79],[28,-1],[29,-1],[38,42],[32,37]],[[6651,4195],[3,-1],[141,-51],[28,54],[134,1],[100,90],[165,-48],[84,70],[-63,112],[75,90]],[[7318,4512],[32,-34],[131,50],[8,45],[124,-39],[-14,-41],[94,-47]],[[8408,4416],[-25,75],[135,60],[143,-43],[66,56]],[[8727,4564],[57,10],[41,-27],[88,-8],[35,-12],[55,-29],[105,-101],[84,-39],[41,-28],[45,-26],[28,-13],[-1,-33],[-18,-24],[-17,-29],[-12,-29],[6,-21],[77,-50]],[[5905,4209],[10,133],[68,11],[-40,43]],[[5943,4396],[49,59],[-78,77],[214,69],[180,1]],[[6308,4602],[78,-68],[42,26],[105,-296],[118,-69]],[[1505,4611],[31,-23],[36,-30],[48,-15],[44,-6],[58,-19],[27,-7],[21,-3]],[[1770,4508],[-34,-65],[123,-57],[-22,-47],[-84,21],[17,-83],[-52,16],[-127,-183],[-142,-30]],[[1099,4385],[123,44],[-5,57]],[[1217,4486],[20,25],[23,22],[38,23],[32,22],[35,35],[33,16],[37,3],[35,-3],[35,-18]],[[4708,4430],[-39,-67]],[[4136,3869],[-152,9],[-270,284],[17,46],[-147,69],[70,118],[145,5],[33,69],[-85,34],[20,88]],[[3767,4591],[57,-7],[19,-6],[14,-10],[43,-36],[36,54],[99,18],[98,32]],[[4133,4636],[19,-29],[155,41]],[[4307,4648],[84,21],[187,-219],[76,24],[54,-44]],[[4708,4430],[18,22],[65,2],[179,189],[-27,119]],[[4943,4762],[9,-6],[49,23]],[[5001,4779],[96,-105],[34,51],[94,-33],[76,-103],[108,-14],[308,-194],[22,60],[61,7],[56,-66],[87,14]],[[1695,4834],[-44,-91],[-51,7],[-23,-90],[-72,-49]],[[1217,4486],[-243,1],[-11,-36],[-42,0],[-42,3],[-36,9],[-31,23],[-15,24],[1,30],[17,24],[12,15]],[[827,4579],[51,-31],[108,51],[60,-55],[88,94],[212,109],[52,-20],[103,119],[58,9]],[[1559,4855],[136,-21]],[[1695,4834],[150,-10],[49,34]],[[1894,4858],[20,-31],[-111,-54],[-19,-57],[59,-56],[32,45],[55,-30],[-39,-36],[17,-107],[0,-1],[-48,-8],[-53,-11],[-37,-4]],[[721,4822],[74,-115],[36,-60]],[[831,4647],[8,-22],[0,-21],[-12,-25]],[[664,3967],[-13,5],[-9,23],[-3,61],[-17,5],[-5,22],[2,105],[-12,24],[-10,32],[37,58],[3,34],[-12,19],[-20,21],[-188,-30],[-63,90],[-230,-11],[-45,59],[209,49],[56,-42],[73,69],[-35,68],[139,196],[13,30],[3,31],[-17,29],[-47,51]],[[473,4965],[34,-4],[35,-18],[41,-11],[49,-24],[61,-36],[28,-50]],[[6308,4602],[-54,48],[88,66],[-10,54]],[[6332,4770],[84,16],[181,-83],[181,74],[94,130],[207,75]],[[7079,4982],[19,-31],[5,-102],[30,-17],[27,-118],[11,-8],[13,-18],[103,-37],[-13,-66],[44,-73]],[[721,4822],[84,167],[146,20]],[[951,5009],[17,-73],[84,-33],[-5,-34],[-137,-162],[61,-31],[-35,-49],[-105,20]],[[4785,4868],[158,-106]],[[4307,4648],[-115,261],[18,103],[74,38]],[[4284,5050],[49,22],[25,-79],[243,-28],[184,-97]],[[1415,4983],[66,-17],[78,-111]],[[951,5009],[52,85]],[[1003,5094],[412,-111]],[[7702,5108],[8,-18],[18,-31],[14,-25],[11,-23],[95,58],[86,-23],[-64,-38],[59,-83],[179,23],[-39,-92],[-178,-89],[42,-17],[33,-14],[19,-14],[13,-15],[5,-16],[2,0],[74,6],[59,3],[88,5],[32,1],[31,21],[18,14],[25,-8],[35,-9],[17,-22],[6,-23],[19,-26],[104,-69],[27,-19],[45,0],[31,5],[21,4],[31,-4]],[[8668,4570],[24,-2],[35,-4]],[[7910,4463],[-12,19],[-4,18],[12,23],[0,1],[1,111],[-28,48],[-217,-13],[18,65],[-80,24],[-104,161],[115,90],[-71,13],[75,95],[87,-10]],[[3114,5046],[64,-94],[-50,-99],[193,-71],[11,28],[10,30]],[[3342,4840],[92,-33],[-38,-122],[2,-8],[25,2],[210,-56],[25,-8],[16,-15],[52,-7],[41,-2]],[[1894,4858],[57,34],[153,-13],[18,68],[-85,21],[-20,50],[32,13],[210,79],[31,11]],[[2290,5121],[383,-89],[39,52],[186,-9],[13,41],[203,-70]],[[3342,4840],[85,28],[5,42],[214,25],[90,214]],[[3736,5149],[48,1]],[[3784,5150],[107,-16],[-26,-87],[60,-68],[-34,-45],[141,-116],[101,-182]],[[955,5111],[48,-17]],[[473,4965],[-60,2],[-48,13],[-51,8],[-25,13],[-12,19],[-1,2],[90,77],[71,-28],[32,59]],[[469,5130],[222,-2],[45,35]],[[736,5163],[219,-52]],[[3784,5150],[18,54],[65,-19],[15,36]],[[3882,5221],[110,-85],[76,4],[202,-3],[14,-87]],[[3114,5046],[76,106],[-27,24],[-36,35],[-25,24]],[[3102,5235],[63,31],[57,-64],[174,-6],[23,50],[90,-31],[17,34],[52,-23],[7,-55],[151,-22]],[[7079,4982],[0,15],[16,14],[11,25],[-17,38],[-29,21],[-14,28]],[[7046,5123],[39,17],[48,135],[179,-43],[-2,-62],[74,15],[37,-42],[121,65],[-58,33],[13,18],[20,16]],[[7517,5275],[15,5],[15,2],[105,2],[12,-1],[15,-4],[16,-8],[9,-13],[20,-47],[3,-11],[0,-9],[-11,-33],[-12,-26],[-3,-23],[1,-1]],[[1387,5341],[-15,-85],[104,-34],[-15,-41],[49,-16],[-95,-182]],[[955,5111],[31,63],[-47,29],[12,98],[43,9],[24,88]],[[1018,5398],[369,-57]],[[539,5399],[79,-77],[-18,-97],[136,-62]],[[469,5130],[-90,212],[65,6],[43,26],[18,10]],[[505,5384],[4,3],[23,12],[7,0]],[[970,5405],[48,-7]],[[539,5399],[49,-3],[112,-6],[37,52],[233,-37]],[[6332,4770],[-41,2],[-47,131],[-44,1],[40,318],[-66,24]],[[6174,5246],[131,96],[171,-35],[85,58],[21,21],[16,21],[-6,25],[-14,92],[-9,3],[-11,39]],[[6558,5566],[43,-22],[29,-15],[18,-6],[10,0],[13,0],[1,0],[101,-27],[66,-40],[2,-32],[-44,-136],[113,6],[136,-171]],[[2278,5311],[50,-36],[-38,-154]],[[1387,5341],[3,73],[94,57],[76,-5],[15,62],[107,40]],[[1682,5568],[122,29],[235,-48],[-4,-76],[29,-6],[32,35],[100,-108],[-5,-69],[87,-14]],[[4250,5580],[52,-29],[63,-87],[31,34],[60,-17],[-37,-52],[267,-251],[120,-5]],[[4806,5173],[-22,-58],[-41,5],[-13,-83],[19,-80],[63,-38],[-27,-51]],[[3882,5221],[83,199],[-37,15],[198,183],[121,-43],[3,5]],[[5001,4779],[-33,34],[23,43],[102,6],[62,65],[-74,270],[211,126],[113,-65],[92,-9],[93,70],[2,130]],[[5592,5449],[47,-26],[101,137],[-32,81],[85,20]],[[5793,5661],[-12,-97],[64,-55],[70,18],[23,-24],[-59,-45],[-50,-141],[32,-16],[-5,-56],[28,-11],[40,55],[36,-5],[29,52],[153,-37],[5,-36],[27,-17]],[[7517,5275],[-21,53],[238,230],[36,35]],[[7770,5593],[2,-1],[84,-52],[109,106],[36,36]],[[8001,5682],[11,-37],[-62,-59],[23,-118],[278,92],[19,-97],[59,-30],[50,183],[96,22],[39,118]],[[8514,5756],[40,-25],[14,-144],[138,-89],[11,-82],[-54,-37],[76,-132],[227,-38],[142,21],[-44,-102],[-81,21],[-247,26],[-7,-55],[85,-32],[-48,-143],[89,-44],[-190,-281],[3,-50]],[[1127,5743],[94,-33],[291,26],[31,-77],[67,64],[4,-40]],[[1614,5683],[6,-60],[50,-20],[12,-35]],[[970,5405],[18,65],[-72,7],[7,65]],[[923,5542],[58,2],[51,215]],[[1032,5759],[95,-16]],[[3058,5763],[50,-40]],[[3108,5723],[-128,-198],[77,-22],[-81,-149],[126,-119]],[[2278,5311],[8,73],[132,99],[12,77],[76,8],[3,64],[126,38]],[[2635,5670],[98,31],[1,0],[11,-25],[10,-24],[51,5],[1,90],[32,17],[59,-50],[160,49]],[[4806,5173],[34,223],[150,19],[96,66],[-77,154]],[[5009,5635],[155,124],[189,13]],[[5353,5772],[128,0],[14,-12],[28,-11],[7,-57],[-67,-67],[71,-32],[-6,-62],[-10,-42],[74,-40]],[[6448,5627],[34,-17],[19,-10],[50,-31],[7,-3]],[[5793,5661],[94,11],[1,-2],[2,-9],[4,-48],[12,-16],[25,-11],[23,2],[19,11],[10,11],[0,24],[-5,29],[3,13],[8,9],[10,4],[88,2],[10,-2],[12,-6],[16,-14],[25,-9],[19,-6],[23,-2],[15,5],[14,19],[29,70],[13,32],[13,12],[18,3],[16,-6],[19,-20],[22,-26],[5,-16],[-9,-28],[2,-14],[14,-12],[29,-16],[34,-17],[22,-11]],[[6448,5627],[6,34],[127,-37],[366,185]],[[6947,5809],[45,-9],[11,-71],[342,-7],[113,-65],[151,45],[161,-109]],[[4675,5824],[334,-189]],[[4250,5580],[54,80],[68,14],[2,30],[-85,-1],[-82,124],[48,26],[-31,53]],[[4224,5906],[174,71],[78,-73],[-16,-49],[148,-39],[28,25],[39,-17]],[[3108,5723],[47,-37],[89,53],[-99,136],[35,23],[60,-69],[219,33],[-30,46],[38,71],[52,-11]],[[3519,5968],[190,-93],[99,-131],[125,85],[-26,81],[53,66]],[[3960,5976],[102,21],[51,-52],[-34,-28],[19,-56],[126,45]],[[505,5384],[-146,160],[-77,-9],[-116,175],[6,48],[134,-1],[-66,220]],[[240,5977],[99,16]],[[339,5993],[219,5]],[[558,5998],[-15,-183],[104,-131],[86,27],[136,-78],[54,-91]],[[558,5998],[220,6]],[[778,6004],[16,-42],[160,-6],[8,-143],[76,-16],[-6,-38]],[[1390,6040],[7,-107],[-45,3],[-56,-100],[-17,81],[-152,-174]],[[778,6004],[88,1]],[[866,6005],[375,9],[39,36],[110,-10]],[[1874,6128],[-95,-206],[41,-114],[-100,-52],[-106,-73]],[[1390,6040],[168,90],[316,-2]],[[4675,5824],[51,75],[-60,219],[123,52]],[[4789,6170],[81,-10],[54,-94],[87,-27],[105,90],[307,-299],[-70,-58]],[[6947,5809],[4,87],[213,66],[-4,65],[-59,33],[12,36],[45,-10],[4,29]],[[7162,6115],[162,78]],[[7324,6193],[121,-86],[6,-64],[52,-37],[193,-7],[-31,-54],[203,-153],[80,18],[-8,-90],[61,-38]],[[2256,6026],[-29,-80],[76,-33],[84,-189],[52,4],[39,-45],[83,33],[-18,52],[60,24],[32,-122]],[[1874,6128],[6,45]],[[1880,6173],[36,-4],[2,-52],[33,6],[5,41],[89,43],[50,-84],[83,36],[78,-133]],[[3519,5968],[13,36],[-95,32],[-60,113],[30,52]],[[3407,6201],[169,-23],[54,51],[187,0]],[[3817,6229],[47,-30],[29,-19],[40,-18],[-10,-47],[93,-71],[-56,-68]],[[2849,6144],[134,-242],[-44,-54],[119,-85]],[[2256,6026],[83,16],[4,0],[6,12],[16,29],[-5,13],[84,66],[36,-22],[84,66],[-15,52]],[[2549,6258],[77,5]],[[2626,6263],[92,2],[-14,-69],[84,-76],[61,24]],[[1880,6173],[-5,47]],[[1875,6220],[170,71]],[[2045,6291],[153,92],[107,-80],[207,36],[37,-81]],[[8345,5835],[97,12],[19,-56],[53,-35]],[[7324,6193],[-16,82],[53,-15],[73,81],[-55,37],[115,64]],[[7494,6442],[209,-60],[28,-74],[-113,-12],[-50,-59],[151,-142],[117,26],[57,-58],[-18,-25],[-12,-43],[-17,-52],[110,-4],[6,-86],[196,-120],[52,80],[135,22]],[[4785,6312],[4,-142]],[[3817,6229],[121,0],[209,135],[128,-15],[20,130]],[[4295,6479],[59,5],[18,62],[65,-11],[4,-135],[174,-43],[70,33],[100,-78]],[[3353,6534],[30,-48],[-42,-44],[29,-63],[-63,-73],[100,-105]],[[2849,6144],[-17,80],[114,95],[257,4],[24,56],[59,17],[7,37],[-41,7],[-31,66],[93,15],[-34,63]],[[3280,6584],[42,11],[31,-61]],[[2626,6263],[-49,76]],[[2577,6339],[382,161],[193,137],[45,-74],[83,21]],[[7797,6620],[158,-68],[58,55],[122,-54],[49,58],[40,-7],[32,-164],[123,-3],[9,43],[136,12]],[[8524,6492],[-53,-277],[60,-12],[34,-61],[-244,-99],[24,-208]],[[7494,6442],[-52,94],[47,29],[-22,38]],[[7467,6603],[183,44],[60,-62],[87,35]],[[1513,6555],[8,-50],[92,-2],[-6,-43],[95,-42],[-24,-52],[68,-74],[-60,-43],[43,-35],[146,6]],[[866,6005],[21,62]],[[887,6067],[138,42],[122,191],[47,13],[-8,31],[-47,4],[-8,134],[-139,63],[54,110]],[[1046,6655],[38,-34],[-23,-40],[36,-27],[192,8],[22,42],[87,1],[28,-48],[87,-2]],[[2533,6614],[54,-104],[-86,-42],[76,-129]],[[2045,6291],[-67,168],[72,41],[83,252]],[[2133,6752],[191,-40],[0,-118],[104,12],[5,-38],[73,29],[27,17]],[[4778,6666],[-47,-128],[44,-46],[10,-180]],[[4295,6479],[-36,7],[-22,92],[-101,52],[91,71],[-47,33],[-10,8]],[[4170,6742],[161,-14],[42,-4],[41,-2],[37,12],[20,17],[16,11]],[[4487,6762],[16,1],[24,-7],[47,-18],[30,-11],[45,-18],[77,-30],[37,-10],[15,-3]],[[7162,6115],[-17,83],[-46,16],[-8,37],[-208,-4],[-63,81],[-55,-23],[-96,107],[78,121],[263,48],[-70,56]],[[6940,6637],[278,37],[216,94],[43,-40],[-72,-89],[62,-36]],[[951,6774],[95,-119]],[[887,6067],[-35,33],[58,146],[-63,38],[37,161],[-67,8],[-3,43],[29,-4],[71,63],[-40,127],[-94,65],[16,36],[44,-36],[111,27]],[[567,6791],[71,-45],[3,-91],[79,-91],[-64,-229],[35,-23],[42,-11],[-5,-34],[-49,-14],[20,-79],[-47,-86],[126,-51],[0,-33]],[[339,5993],[-5,51],[-56,4],[7,53],[102,51],[-64,56],[6,30],[88,15],[75,209],[52,2],[-39,120],[32,224]],[[537,6808],[30,-17]],[[1513,6555],[109,75]],[[1622,6630],[105,66],[1,37],[347,94]],[[2075,6827],[58,-75]],[[240,5977],[-146,-13],[-5,182],[-63,123],[87,59],[-113,9],[84,187],[69,-24],[44,72],[24,-27],[138,10],[-30,117],[-2,42],[14,55],[33,62],[46,20],[117,-43]],[[3917,6779],[17,-8],[12,-2],[12,-13],[12,-2],[13,1],[15,6],[11,9],[11,18],[20,-12],[60,-27],[70,-7]],[[3353,6534],[48,9],[42,88],[-38,55]],[[3405,6686],[103,50],[-7,17],[-7,17],[-9,21],[84,41],[7,35]],[[3576,6867],[22,1],[27,11],[19,11],[12,6],[11,-2],[19,-10],[25,-16],[13,-10],[8,-12],[-2,-25],[5,-17],[3,-8],[8,-7],[9,0],[11,4],[22,9],[21,-2],[15,-12],[13,-19],[13,-14],[14,-9],[15,3],[9,6],[1,17],[6,7],[14,3],[8,-3]],[[567,6791],[1,3],[30,37],[12,14],[-21,81],[126,19]],[[715,6945],[-15,-68],[218,-63],[33,-40]],[[7797,6620],[60,108],[-99,35],[49,130],[236,16],[55,-60],[58,114]],[[8156,6963],[108,-31],[44,59],[131,-71],[106,-10],[24,-10],[6,-23],[2,-17],[-51,-47],[28,-154],[-30,-167]],[[4313,6871],[9,-39],[78,-15],[87,-55]],[[3917,6779],[8,7],[75,63],[-57,21],[75,136]],[[4018,7006],[144,52],[115,-67],[13,-118],[23,-2]],[[2075,6827],[24,98],[102,65],[-27,130],[62,32]],[[2236,7152],[54,-90],[76,76],[88,22],[36,11]],[[2490,7171],[0,-24],[11,-10],[30,0],[29,-3],[22,-11],[13,-22],[-10,-10],[-33,-14],[-7,-17],[0,-16],[24,-26],[16,-21],[2,-25],[-12,-28],[-27,-41],[-15,-36],[-14,-39],[-4,-50],[9,-11],[82,-36],[25,-8],[7,-10],[0,-11],[-14,-39],[-8,-7],[-14,-9],[-24,-4],[-45,-29]],[[1296,7051],[18,-67],[194,-173],[-46,-16],[29,-87],[68,-4],[63,-74]],[[715,6945],[-34,50],[-37,64],[63,-11],[10,14],[28,61],[67,56],[91,-2],[36,15]],[[939,7192],[81,8],[201,-170],[75,21]],[[3405,6686],[-52,103],[-87,-30],[-66,216],[-61,43],[1,67],[-86,16],[-31,189]],[[3023,7290],[55,0]],[[3078,7290],[9,-14],[14,-15],[15,-10],[16,-7],[18,-14],[9,-3],[12,-1],[19,3],[18,1],[8,-6],[3,-19],[-1,-13],[-4,-21],[3,-9],[1,1],[116,38],[47,-99],[118,-78],[-4,-35],[-1,-6],[-4,-52],[6,-20],[23,-20],[29,-17],[28,-7]],[[5444,6997],[-3,78],[201,40],[202,108],[-14,44],[55,0]],[[5885,7267],[131,-19],[12,-52],[159,89]],[[6187,7285],[99,5]],[[6286,7290],[-9,-64],[-42,-15],[-19,-123],[-52,-7],[-147,-158],[-49,1],[45,-110],[-89,-14],[-13,-34],[-407,65],[-61,-65],[-64,107],[72,46],[-7,78]],[[6602,7239],[80,-163],[64,0],[21,-43]],[[6767,7033],[-85,-21],[-50,-63],[-114,-19],[-3,-46],[-104,-25],[15,-61],[158,-48],[10,-66],[147,9],[78,-75],[121,19]],[[4778,6666],[40,-4],[37,-3],[24,-1],[22,3],[21,8],[40,20],[21,6],[15,3],[127,160],[126,73],[-35,41],[72,11],[41,4],[53,5]],[[5382,6992],[31,3],[31,2]],[[6286,7290],[148,13],[19,-46],[149,-18]],[[6767,7033],[128,40],[130,128],[100,3],[-39,41],[144,117]],[[7230,7362],[67,51],[59,0],[63,7]],[[7419,7420],[234,-322],[16,-107],[403,18],[84,-46]],[[1296,7051],[94,-8],[-37,54],[88,23],[122,190],[-51,116],[52,12]],[[1564,7438],[44,-59],[171,87],[101,-106],[230,-66],[126,-142]],[[2490,7171],[23,15],[20,0],[11,-1],[8,4],[-2,9],[-29,15],[4,18],[43,29],[2,0],[116,15],[-33,211]],[[2653,7486],[111,1],[259,-197]],[[3748,7250],[67,-146],[122,-15],[81,-83]],[[3078,7290],[-3,15],[7,24]],[[3082,7329],[17,-9],[22,-2],[18,2],[13,6],[13,11],[15,15],[81,113],[23,30],[13,29]],[[3297,7524],[159,-50],[-5,-90],[194,-8],[54,-46],[49,-80]],[[4902,7525],[53,-57],[45,26],[86,-180],[58,-16],[23,86],[34,-14]],[[5201,7370],[-4,-43],[99,-83],[-56,-13],[25,-77],[104,16],[13,-178]],[[4313,6871],[193,115],[133,180],[-72,18],[-12,67],[72,-27],[-64,151],[69,28],[-27,61]],[[4605,7464],[132,3],[129,93]],[[4866,7560],[36,-35]],[[5201,7370],[39,4],[3,115],[171,91]],[[5414,7580],[138,-17],[-3,-71],[68,4],[153,-109],[-41,-27],[47,-42],[100,28],[9,-79]],[[4293,7596],[84,-43],[14,-63],[70,-15],[20,39],[124,-50]],[[3748,7250],[105,2],[96,-6],[62,126],[-36,14],[16,119],[55,60],[33,35]],[[4079,7600],[3,0],[211,-4]],[[7034,7602],[196,-240]],[[6602,7239],[164,-2],[-14,99],[-67,-8],[4,36],[85,24],[-66,131],[-64,17],[13,55],[66,2],[6,27]],[[6729,7620],[128,31],[177,-49]],[[1658,7675],[82,-147],[-176,-90]],[[939,7192],[-50,141],[56,209],[90,39],[3,1],[62,-18],[74,0],[57,11],[53,16],[53,20],[86,36],[55,13],[32,13],[23,3],[13,0],[39,-6],[40,-2],[33,7]],[[5409,7634],[5,-54]],[[4902,7525],[38,98],[139,77],[259,-15],[10,-40],[61,-11]],[[3383,7748],[462,-48],[153,-92]],[[3998,7608],[81,-8]],[[3297,7524],[15,40],[11,46],[2,35],[9,44],[19,35],[14,15],[11,10],[5,-1]],[[7034,7602],[126,118]],[[7160,7720],[71,-3],[91,43],[121,-34],[23,37],[115,-35],[12,-89],[89,-5],[4,-46],[93,4],[8,-54],[-137,-5],[-51,-61],[-162,6],[-18,-58]],[[6492,7648],[147,-18],[18,46],[62,-7],[10,-49]],[[6187,7285],[-25,75],[-54,7],[-19,88],[97,30],[-71,67],[21,97],[-45,47]],[[6091,7696],[104,107],[106,-131],[191,-24]],[[2264,7824],[-14,-26],[-144,-33],[-65,-18],[-25,35],[-55,-14],[22,-60],[111,26],[146,14],[-13,-75],[103,28],[62,-68],[26,39],[114,-35],[-28,-131],[46,-54],[103,34]],[[1658,7675],[19,7],[43,19],[57,33],[38,31],[28,16],[34,4],[42,-9],[43,-7],[54,13],[19,14],[20,13],[20,12],[24,12],[11,4]],[[2110,7837],[19,5],[27,6],[34,-2],[39,-8],[35,-14]],[[5948,7791],[143,-95]],[[5409,7634],[2,89]],[[5411,7723],[89,-10],[59,176],[322,-184],[67,86]],[[4998,7921],[69,-107],[96,12],[33,-79],[73,-2],[66,64],[65,-15],[11,-71]],[[4866,7560],[-9,54],[-49,11],[-12,43],[71,35],[-74,143],[-53,29],[-13,57],[1,2],[35,33],[1,1]],[[4764,7968],[61,26],[65,-10],[39,-65],[48,29],[21,-27]],[[4605,7986],[-17,-49],[-73,-3],[26,-54],[-129,-26],[-27,-160],[-42,4],[18,-62],[-68,-40]],[[3998,7608],[57,106],[68,-3],[25,195],[94,15],[21,65],[116,-11],[98,26]],[[4477,8001],[24,-31],[104,16]],[[4605,7986],[149,24],[10,-42]],[[2929,8101],[35,-38]],[[2964,8063],[-167,-108],[16,-93],[-4,-29],[-12,-21],[-31,-69],[175,7],[35,-48],[-90,-63],[48,-36],[33,-33],[32,-51],[23,-71],[7,-57],[21,-27],[24,-27],[8,-8]],[[2264,7824],[11,21],[1,34],[206,-17],[24,56],[-62,115],[26,62]],[[2470,8095],[144,12],[128,-118],[187,112]],[[6492,7648],[-55,158],[-36,308]],[[6401,8114],[11,-2],[34,-6],[50,-13],[163,-42],[85,-23],[322,-83],[0,-1],[-29,-144],[57,-21],[-2,-50],[68,-9]],[[6146,8103],[2,1],[21,2],[73,7],[25,2],[7,0],[21,2],[33,0],[43,0],[19,-2],[11,-1]],[[5948,7791],[-257,233],[19,46],[88,-3],[31,112]],[[5829,8179],[30,6],[12,1],[8,-1],[6,-1],[7,-2],[6,-3],[5,-3],[5,-4],[6,-7],[2,-4],[2,-5],[1,-7],[1,-6],[-1,-3],[-1,-7],[-2,-9],[0,-10],[1,-9],[3,-11],[5,-10],[15,-20],[12,-13],[32,-25],[12,-4],[11,-3],[12,-2],[15,1],[9,3],[8,3],[8,6],[7,10],[5,8],[8,11],[8,12],[7,7],[11,8],[7,5],[6,4],[7,3],[13,4],[8,1]],[[4471,8045],[0,-6],[6,-38]],[[3383,7748],[25,8],[48,7],[26,12],[6,23],[-15,39],[-31,62],[-7,46],[7,44],[22,36],[24,30],[40,31],[62,21],[50,13],[33,9],[16,9],[14,9],[1,1]],[[3704,8148],[2,-1],[23,-18],[78,59],[111,-38],[226,58]],[[4144,8208],[120,-88],[138,13],[9,-63],[35,-13],[25,-12]],[[4998,7921],[106,10],[30,95],[118,38],[57,-47],[63,15],[68,-118],[182,105],[-35,45],[-143,-1],[-62,103]],[[5382,8166],[19,-10],[8,-3],[5,-1],[7,-2],[3,0],[5,1],[5,1],[10,4],[5,4],[5,5],[10,15],[6,7],[8,10],[4,3],[5,4],[34,19],[8,5],[8,2],[6,2],[10,3],[22,5],[9,2],[9,4],[6,4],[5,3],[5,4],[5,5],[4,6],[8,11],[2,7],[1,5],[4,19],[3,7],[2,4],[2,2],[4,4],[8,4],[5,2],[4,2],[5,0],[5,1],[8,-1],[3,-1],[6,-2],[5,-3],[6,-4],[26,-21],[9,-8],[5,-5],[26,-30],[7,-10],[3,-5],[1,-4],[1,-7],[0,-4],[-1,-5],[-1,-5],[-3,-6],[-1,-1],[-4,-4],[-11,-7],[-5,-3],[-6,-2],[-37,-8],[-5,0],[-10,-2],[-9,-2],[-11,-4],[-4,-2],[-4,-4],[-7,-11],[-2,-6],[1,-5],[4,-7],[5,-6],[7,-5],[7,-3],[5,-1],[11,-1],[3,0],[10,2],[11,5],[59,25],[24,10],[14,4],[12,2]],[[2110,7837],[-52,101],[-32,11]],[[2026,7949],[-5,29],[-8,46],[-46,5],[-68,147],[-14,33],[12,33],[18,26],[31,23]],[[1946,8291],[191,45],[66,-155],[198,-8],[69,-78]],[[5359,8179],[17,-10],[6,-3]],[[4471,8045],[67,-27],[26,-6],[25,-2],[14,11],[4,85],[8,32],[14,25],[20,22],[21,18],[29,30],[24,33],[14,43],[18,31],[28,20],[32,9],[29,0],[33,-9],[22,-9],[19,-13],[28,-28],[17,-25],[17,-27],[21,-26],[26,-23],[18,-11],[22,-13],[21,-8],[26,-7],[20,-4],[22,-1],[26,3],[25,6],[27,9],[26,7],[18,2],[20,0],[18,-1],[13,-2],[15,-3],[15,-7]],[[2026,7949],[-41,-7],[-289,-45],[-46,57],[-78,49],[-57,225],[188,44],[101,116],[33,38]],[[1837,8426],[116,-129],[-7,-6]],[[1837,8426],[34,61],[124,-11],[56,15],[10,-10],[42,-6],[56,13],[80,33],[83,17],[7,110],[76,-4],[27,174]],[[2432,8818],[90,-18],[13,-88],[44,-13],[-28,-193],[135,-242],[47,16],[196,-179]],[[5163,8761],[-4,-70],[38,-17],[37,-138],[231,-87],[-85,-87],[5,-77],[48,1],[-14,-57],[-37,2],[-22,-51],[-1,-1]],[[4144,8208],[265,8],[28,107],[442,155],[-11,306]],[[4868,8784],[202,34],[93,-57]],[[2432,8818],[4,13],[3,20],[80,-17],[75,-32],[218,-13],[19,-75],[83,-41],[190,-7],[99,-145],[91,16],[43,-113],[-95,-19],[0,-92],[-55,-66],[51,-40],[-94,-48],[-68,-60],[-112,-36]],[[6104,8806],[118,-42],[25,-68],[-61,-47]],[[6186,8649],[-91,2],[-8,-159],[-78,-24],[-6,-68],[34,-29],[22,-68],[75,-55],[-26,-72],[38,-73]],[[5163,8761],[4,-2],[166,12],[105,-63],[10,49],[-41,40],[5,79],[186,30]],[[5598,8906],[-31,-92],[99,-27],[55,-113],[158,1],[24,32],[68,-17],[34,65],[55,-16],[44,67]],[[6106,8980],[-12,-54],[44,-44],[-34,-76]],[[5598,8906],[47,110]],[[5645,9016],[132,38],[82,-31],[89,4],[107,39],[0,-62],[51,-24]],[[4682,9019],[181,-170],[-49,-30],[51,-35],[3,0]],[[3704,8148],[13,27],[-12,44],[0,30],[14,68],[17,21],[67,42],[37,41],[15,23]],[[3855,8444],[38,-70],[49,8],[21,-51],[-44,-10],[26,-49],[183,51],[-51,59],[103,73],[-13,38],[-79,-8],[-40,50],[188,100],[24,64],[-137,98],[19,43],[69,-1],[36,66],[116,-26],[70,84],[-33,44]],[[4400,9007],[84,6],[29,52],[117,1],[52,-47]],[[7340,9152],[32,-119],[-110,-221],[-97,-44],[-19,-79],[19,-111],[-142,-63],[-26,-238],[-153,30],[-91,11],[43,118],[-39,14],[59,95],[-100,104],[12,46],[-78,27],[-7,44],[5,36],[154,28],[1,67],[78,17],[144,193],[115,22],[-4,48],[65,11],[139,-36]],[[6651,8766],[7,-44],[78,-27],[-12,-46],[100,-104],[-59,-95],[-227,62],[-198,100],[-73,-57],[-81,94]],[[6106,8980],[302,209]],[[6408,9189],[-2,-74],[113,-24],[16,-191],[64,-136],[52,2]],[[4233,9143],[88,-13]],[[4321,9130],[79,-123]],[[3855,8444],[10,15],[7,39],[-7,31],[-28,47],[-46,57],[-25,57],[-19,50],[-18,66],[0,74],[-19,57],[-9,37],[11,50],[24,20],[62,22],[14,24],[11,26],[7,28],[17,39],[23,16],[23,0],[44,-18],[32,-24],[23,-45],[12,-55],[-21,-31],[-51,-15],[-81,-15],[-25,-26],[9,-38],[35,-19],[74,-2],[67,11],[65,15],[50,32],[30,24],[24,36],[23,52],[11,31],[19,31]],[[4682,9019],[56,34],[32,-20],[25,21],[-23,39],[64,46],[13,80],[50,10],[14,37],[-52,19],[59,191]],[[4920,9476],[80,2]],[[5000,9478],[45,-159],[128,-144],[186,-55],[123,-90],[98,44],[65,-58]],[[6408,9189],[58,3],[98,-8],[133,108],[49,194],[252,-6],[23,-242],[136,-38],[53,-12],[-65,-11],[3,-48],[-114,-22],[-145,-193],[-78,-17],[-1,-67],[-154,-28],[-5,-36]],[[4321,9130],[56,-2],[41,202],[-83,33]],[[4335,9363],[2,43],[141,-20],[162,56],[19,58],[261,-24]],[[4233,9143],[2,3],[2,37],[-13,29],[-33,33],[-53,43],[-35,29],[-27,17],[-53,29],[-3,1]],[[4020,9364],[-60,31],[-26,23],[-7,8],[-5,7],[-4,13],[75,151],[153,-28],[3,-96],[63,-10],[18,-68],[105,-32]],[[4840,9706],[-9,-55],[102,-38],[72,-135],[-5,0]],[[4020,9364],[-44,-39],[-122,91],[-5,49],[-10,80],[74,-18],[14,66],[14,49],[23,26],[24,12],[22,-2],[22,-18],[12,-19],[21,-16],[39,6],[38,16],[25,13]],[[4167,9660],[50,-27],[151,65],[19,-49],[315,50]],[[4702,9699],[79,17],[59,-10]],[[4167,9660],[18,14],[10,25],[4,20],[-2,18],[-41,118],[-10,34],[-3,31],[14,16],[30,13],[49,9],[51,2]],[[4287,9960],[13,-58],[110,-1],[-25,-51],[317,-151]],[[4287,9960],[47,9],[35,13],[40,16],[30,1],[49,-14],[61,-31],[99,-70],[41,-20],[44,-21],[53,-12],[47,-9],[29,-18],[-1,-6],[-21,-92]]],"transform":{"scale":[0.051205120512051214,-0.06419616162947755],"translate":[0,643.6987100665731]}}